Date,returnBTC,return ETH,returnBNB,returnCCI30,ReturnSP500,returnDJI,return Nas100,returnUS10Y,returnGold,returnEngergy,returnMetal
2017/11/9,-4.23,3.91,0,-3.78,-0.38,-0.43,-0.53,0.24,0.36,0.77,-0.93
2017/11/10,-7.91,-7.3,-14.07,-5.94,-0.09,-0.17,-0.05,2.66,-0.97,-0.4,-0.09
2017/11/13,10.96,3.07,12.75,8.93,0.1,0.07,0.11,0.37,0.44,-0.34,1.25
2017/11/14,1.14,6.72,-5.36,0.94,-0.23,-0.13,-0.36,-1.33,0.31,-1.82,-2.29
2017/11/15,10.4,-1.1,-2.52,9.12,-0.55,-0.59,-0.56,-2.09,-0.4,-0.45,0.21
2017/11/16,7.83,0.05,0.65,6.01,0.82,0.8,1.29,2.13,0.04,-0.55,-0.75
2017/11/17,-1.96,0.07,-3.85,-1.02,-0.26,-0.43,-0.39,-1.27,1.43,2.02,0.73
2017/11/20,2.51,3.73,2.5,2.24,0.13,0.31,-0.09,1.29,-1.63,-0.76,0.27
2017/11/21,-1.76,-2.16,-3.05,-1.67,0.65,0.69,1.11,-0.45,0.51,0.46,0.9
2017/11/22,1.66,5.69,1.89,2.8,-0.08,-0.27,0.12,-1.58,0.82,0.94,0.67
2017/11/24,2.34,16.12,10.19,2.77,0.21,0.14,0.36,0.61,-0.39,0.57,0.89
2017/11/27,4.45,2.03,5.98,4.58,-0.04,0.1,-0.05,-0.45,0.55,-0.25,-1.1
2017/11/28,1.78,-1.66,-1.54,2.06,0.98,1.09,0.26,-0.23,0.02,0.15,-1.76
2017/11/29,-0.69,-9.71,-8.33,-2.3,-0.04,0.44,-1.73,2.68,-1,-0.95,-0.53
2017/11/30,1.11,2.82,10.8,3.6,0.82,1.39,0.86,1.12,-0.74,-0.55,-0.55
2017/12/1,9.2,6.58,5.13,6.48,-0.2,-0.17,-0.43,-2.14,0.44,1.65,1.47
2017/12/4,3.36,1.2,12.83,5.81,-0.11,0.24,-1.17,-1.99,-0.36,-2,-0.36
2017/12/5,0.37,-2.82,2.35,3.45,-0.37,-0.45,0.02,-0.83,-1,0.29,-3.08
2017/12/6,17.85,-8.44,-3.83,2.15,-0.01,-0.16,0.45,-0.53,0.1,-2.43,-0.46
2017/12/7,22.55,0.32,5.98,5.03,0.29,0.29,0.37,0.91,-1.03,0.85,0.13
2017/12/8,-4.76,6.55,4.89,6.72,0.55,0.49,0.45,0.69,-0.37,1.51,0.01
2017/12/11,11.11,20.04,9.35,12.03,0.32,0.23,0.78,0.23,-0.12,1.36,1.46
2017/12/12,2.1,23.22,-5.2,14.87,0.15,0.49,-0.16,0.53,-0.42,-1.87,-0.09
2017/12/13,-4.67,8.79,6.67,0.46,-0.05,0.33,0.17,-2.31,0.56,-1.21,0.51
2017/12/14,1.11,-0.61,15.81,10.11,-0.41,-0.31,-0.07,0.08,0.68,0.77,1.02
2017/12/15,6.9,-1.2,30.79,-0.04,0.9,0.58,1.2,0.08,0.03,-0.11,1.45
2017/12/18,-0.49,10.61,0,11.64,0.54,0.57,0.73,1.06,0.64,0.66,0.48
2017/12/19,-7.64,2.04,-5,5.26,-0.32,-0.15,-0.5,2.71,-0.1,0.44,0.46
2017/12/20,-6.06,-0.62,-9.65,2.78,-0.08,-0.11,-0.13,1.55,0.43,0.78,1.25
2017/12/21,-5.04,-1.01,0.19,1.67,0.2,0.23,0,-0.5,0.08,0.28,0.64
2017/12/22,-12.58,-20.18,-16.86,-17.06,-0.05,-0.11,-0.12,0,0.65,0.52,0.9
2017/12/26,13.9,5.63,43.19,5.18,-0.11,-0.03,-0.5,-0.73,0.68,2.51,0
2017/12/27,-2.16,-1.78,8.86,0.84,0.08,0.11,0.03,-2.48,0.3,-0.26,1.55
2017/12/28,-6.6,-3.4,-8.14,-4.78,0.18,0.26,0.1,0.9,0.45,0.82,0.96
2017/12/29,-0.04,2.83,-5.84,11.84,-0.52,-0.48,-0.7,-1.18,0.93,0.92,-0.12
2018/1/2,9.74,14.13,3.2,9.24,0.83,0.42,1.8,2.33,0.52,-0.1,-0.24
2018/1/3,2.73,9.69,6.65,9.71,0.64,0.4,0.99,-0.66,0.18,1.59,-1.06
2018/1/4,0.15,-0.21,-1.72,2.99,0.4,0.61,0.13,0.3,0.24,-0.02,0.86
2018/1/5,11.69,2.42,62.8,0.4,0.7,0.88,1.04,0.97,0.05,-0.99,-1.16
2018/1/8,-7.71,1.21,-3.17,-11.12,0.17,-0.05,0.35,0.15,-0.07,0.21,-0.03
2018/1/9,-1.32,13.67,-3.33,-1.47,0.13,0.41,0.02,2.87,-0.43,1.67,-0.51
2018/1/10,1.79,-2.78,0.46,0.39,-0.11,-0.07,-0.23,0.29,0.5,0.47,0.91
2018/1/11,-10.02,-9.01,22.04,-10.14,0.7,0.81,0.69,-0.86,0.32,0.53,-0.24
2018/1/12,2.6,10.72,3.38,8.98,0.67,0.89,0.75,0.52,1.02,0.67,0.26
2018/1/16,-17.05,-19.89,-33.12,-22.92,-0.35,-0.04,-0.32,-0.5,0.16,-0.75,-0.55
2018/1/17,-1.49,-0.25,8.5,1.25,0.94,1.25,1.09,1.88,0.15,0.49,-0.54
2018/1/18,0.47,-2.23,0.25,4.13,-0.16,-0.37,0.02,1.43,-0.89,-0.11,1.02
2018/1/19,2.98,3.8,5.59,0.72,0.44,0.21,0.34,1.43,0.45,-0.95,-0.11
2018/1/22,-6.3,-4.96,-8.73,-5.37,0.81,0.55,1.05,-0.27,-0.08,0.46,0.56
2018/1/23,0.35,-1.22,1.57,-0.94,0.22,-0.01,0.83,-1.46,0.36,1.53,-1.12
2018/1/24,5.04,8.16,5.07,4.44,-0.06,0.16,-0.63,1.21,1.47,1.09,2.59
2018/1/25,-2.18,-1.41,-4.18,-0.27,0.06,0.54,-0.04,-0.91,0.49,0.11,-0.06
2018/1/26,-0.76,-0.11,-0.16,-1.04,1.18,0.85,1.54,1.35,-0.79,0.82,-0.21
2018/1/29,-4.67,-5.74,-6.96,-4.2,-0.67,-0.67,-0.49,1.55,-0.89,-1.03,0.08
2018/1/30,-9.59,-8.77,-10.46,-12.3,-1.09,-1.37,-0.82,0.9,-0.38,-1.16,-1.05
2018/1/31,0.98,4.31,-1.41,2.55,0.05,0.28,0.28,-0.41,0.23,-0.31,1.04
2018/2/1,-10.56,-7.56,-15.9,-13.48,-0.06,0.14,-0.7,2.57,0.36,0.61,0.54
2018/2/2,-3.14,-10.9,2.47,-7.07,-2.12,-2.54,-2.05,2.12,-0.79,-1.02,-1.32
2018/2/5,-15.61,-15.98,-20.25,-17.84,-4.1,-4.6,-3.91,-4.77,-0.06,-1.73,1.21
2018/2/6,10.99,12.48,23.07,15.36,1.74,2.33,2.62,3.55,-0.52,-1.21,-1.77
2018/2/7,-1.38,-3.91,-1.66,-4.77,-0.5,-0.08,-1.26,1.02,-1.12,-2.22,-2.13
2018/2/8,7.5,6.93,2.11,11.58,-3.75,-4.15,-4.19,-0.23,0.33,-0.85,0.1
2018/2/9,6.56,9,0,9.92,1.49,1.38,1.69,1.03,-0.25,-3.09,-1.37
2018/2/12,10.17,6.81,7.73,8.14,1.39,1.7,1.73,0.07,0.81,-0.11,0.65
2018/2/13,-4.09,-2.8,-3.7,-2.65,0.26,0.16,0.46,-0.89,0.3,0.17,1.99
2018/2/14,10.97,9.3,15.18,10.83,1.34,1.03,1.85,2.83,2.07,2.05,2.6
2018/2/15,5.92,0.86,4.89,3.37,1.21,1.23,1.8,-0.25,-0.2,0.56,0.13
2018/2/16,1.41,1.07,3.07,1.91,0.04,0.08,-0.36,-1.13,0.07,0.76,0.58
2018/2/20,0.62,-5.91,-10.58,-4.48,-0.58,-1.01,0.13,0.07,-1.84,0.71,-1.55
2018/2/21,-6.81,-5.13,-5.26,-5.3,-0.55,-0.67,-0.3,2.09,0.07,0.19,0.45
2018/2/22,-6.03,-4.22,-5.44,-6.72,0.1,0.66,0.04,-1.12,0.05,1.35,0.06
2018/2/23,3.34,6.59,9.48,5.15,1.6,1.39,1.99,-1.81,-0.18,1.07,-1.1
2018/2/26,7.3,3.11,6.21,4.22,1.18,1.58,1.34,-0.38,0.19,0.66,0.41
2018/2/27,3.01,0.51,6.5,1.68,-1.27,-1.16,-1.27,1.27,-1.06,-1.06,-0.78
2018/2/28,-2.46,-2.17,-1.02,-5.01,-1.11,-1.5,-0.67,-1.26,-0.05,-2.4,-1.1
2018/3/1,5.52,2.06,0.38,4.34,-1.33,-1.68,-1.52,-1.84,-0.96,-1.13,-0.51
2018/3/2,-0.7,-1.6,-2.52,-1.36,0.51,-0.29,0.9,2.01,1.4,0.42,-0.36
2018/3/5,-0.75,-1.77,-2.91,-1.55,1.1,1.37,1.03,1.22,-0.26,1.7,-0.28
2018/3/6,-5.78,-4.16,-6.98,-6.06,0.26,0.04,0.46,0.13,1.16,0.3,0.91
2018/3/7,-7.23,-7.96,-4.01,-8.24,-0.05,-0.33,0.24,-0.19,-0.48,-1.57,-1.27
2018/3/8,-6.09,-6.8,-8.39,-6.09,0.45,0.38,0.53,-0.82,-0.36,-1.31,-1.19
2018/3/9,-0.89,3.85,0.85,1.4,1.74,1.77,1.93,1.35,0.26,2.27,1.92
2018/3/12,-4.12,-3.2,-2.88,-3.98,-0.13,-0.62,0.42,-1.33,-0.15,-0.66,-1.02
2018/3/13,0.19,-1.07,26.46,0.31,-0.64,-0.68,-1.19,-0.76,0.56,-0.41,0.89
2018/3/14,-10.32,-11.24,-12.2,-11.5,-0.57,-1,-0.08,-0.9,-0.12,0.34,-0.12
2018/3/15,0.66,-0.32,2.31,-0.92,-0.08,0.47,-0.14,0.26,-0.59,0.13,-0.68
2018/3/16,0.3,-1.53,-0.44,-0.82,0.17,0.29,-0.16,0.65,-0.42,1.45,-0.17
2018/3/19,5.07,3.62,0.75,8.7,-1.42,-1.35,-2.21,0,0.41,-0.44,-0.38
2018/3/20,3.43,0.17,1.93,3.16,0.15,0.47,0.31,1.54,-0.44,1.95,-1.1
2018/3/21,-0.08,0.57,8.28,-0.01,-0.18,-0.18,-0.47,-0.63,0.74,2.32,0.64
2018/3/22,-2.02,-3.63,1.32,-2.41,-2.52,-2.93,-2.5,-2.03,0.45,-0.93,-1.28
2018/3/23,2.18,0.66,17.04,0.32,-2.1,-1.77,-2.61,-0.32,1.69,1.67,-0.73
2018/3/26,-3.89,-7.17,-7.7,-5.65,2.72,2.84,3.78,1.11,0.38,-0.3,-0.15
2018/3/27,-4.2,-7.72,-3.98,-5.44,-1.73,-1.43,-3.32,-2.69,-0.95,0.11,0.4
2018/3/28,1.96,-0.37,1.48,1.26,-0.29,-0.04,-1.06,0.26,-1.33,-0.89,0.14
2018/3/29,-10.38,-14.03,-12.69,-11.32,1.38,1.07,1.86,-1.5,-0.2,0.74,0.17
2018/4/2,3.56,1.67,13.51,4.78,-2.23,-1.9,-2.89,-0.99,1.48,-2.43,0
2018/4/3,5.03,7.92,5.6,8.57,1.26,1.65,1.06,1.73,-0.71,0.62,0.47
2018/4/4,-8.29,-8.87,-8.23,-10.04,1.16,0.96,1.57,0.99,0.22,-0.17,-0.85
2018/4/5,-0.4,0.75,2.28,1.01,0.69,0.99,0.53,0.91,-0.87,0.09,0.95
2018/4/6,-2.33,-3.03,-1.84,-3.36,-2.19,-2.34,-2.45,-2.06,0.57,-1.54,0.01
2018/4/9,-3.54,-0.41,-1.99,-1.94,0.33,0.19,0.61,-0.2,0.3,1.82,1.69
2018/4/10,1.08,4.11,1.69,2.09,1.67,1.79,2.22,0.72,0.43,2.67,1.86
2018/4/11,1.56,3.54,1.79,5.09,-0.55,-0.9,-0.49,-0.78,1.05,1.63,0.74
2018/4/12,13.85,14.85,5.46,13.31,0.83,1.21,1.11,2.31,-1.33,-0.15,-0.77
2018/4/13,-0.49,-0.11,4.03,-0.4,-0.29,-0.5,-0.42,-0.64,0.45,0.79,-0.27
2018/4/16,-3.51,-4.14,-6.63,-1.64,0.81,0.87,0.71,-0.52,0.21,-1.31,2.33
2018/4/17,-2,-1.69,-3.96,-1.29,1.07,0.87,2.12,0.07,-0.09,0.09,-0.27
2018/4/18,3.41,4.47,4.68,7.52,0.08,-0.16,0.25,1.56,0.3,2.22,3.72
2018/4/19,1.37,7.96,0.45,5.21,-0.57,-0.34,-0.85,1.35,-0.35,0.06,-1.1
2018/4/20,6.95,8.73,1.81,8.88,-0.85,-0.82,-1.58,1.6,-0.78,0.33,-0.2
2018/4/23,1.66,3.52,5.98,4.62,0.01,-0.06,-0.28,0.32,-1.07,0.68,-2.78
2018/4/24,7.73,9.14,10.84,8.9,-1.34,-1.74,-2.1,0.76,0.68,-0.78,-0.6
2018/4/25,-8.01,-12.18,-11.63,-11.31,0.18,0.25,0.08,1.07,-0.76,0.12,0.01
2018/4/26,4.67,7.29,9.49,8.07,1.04,0.99,2.08,-1.61,-0.37,0.73,0.2
2018/4/27,-3.73,-2.78,-2.3,-3.05,0.11,-0.05,0.1,-0.81,0.42,-0.34,-2.04
2018/4/30,-1.8,-2.87,-5.02,-4.57,-0.82,-0.61,-0.76,-0.13,-0.32,0.65,0.24
2018/5/1,-1.84,0.18,-1.13,0.7,0.25,-0.27,1.16,0.44,-0.94,-1.59,-0.76
2018/5/2,1.85,2.52,1.89,2.52,-0.72,-0.72,-0.56,0.25,-0.09,0.23,1.45
2018/5/3,5.48,13.19,1.49,4.13,-0.23,0.02,-0.02,-0.94,0.54,0.28,-0.9
2018/5/4,-0.42,0.8,-1.98,-0.88,1.28,1.39,1.89,0.13,0.15,1.52,1.59
2018/5/7,-2.33,-4.94,-1.66,-3.43,0.35,0.39,0.78,-0.06,0.05,1.51,0
2018/5/8,-2.49,-0.74,-2.04,-1.42,-0.03,0.01,-0.09,0.7,0.07,-1.82,-0.6
2018/5/9,1.33,0.42,8.5,-0.63,0.97,0.75,1.14,1.14,0.04,2.83,0.52
2018/5/10,-3.15,-3.62,-5.94,-5.09,0.94,0.8,1.02,-1.4,0.8,0.5,0.38
2018/5/11,-6.84,-6.65,-6.06,-9.15,0.17,0.37,-0.16,0.19,-0.03,-0.38,-0.1
2018/5/14,-0.22,-0.32,-2.46,-0.65,0.09,0.27,0.17,0.92,-0.2,0.86,0.32
2018/5/15,-2.27,-2.93,-2.41,-3.46,-0.68,-0.78,-1.09,2.33,-2.12,0.4,-0.5
2018/5/16,-1.56,0.11,-1.79,-1.73,0.41,0.25,0.6,1.03,0.09,0.54,0.28
2018/5/17,-3.37,-5.32,0.61,-5.17,-0.09,-0.22,-0.41,0.36,-0.17,0.51,0.3
2018/5/18,2.27,3.63,22.18,3.23,-0.26,0,-0.51,-1.78,0.13,-0.6,-0.48
2018/5/21,-1.47,-2.68,3.57,-2.5,0.74,1.21,0.57,-0.72,-0.04,0.73,0.41
2018/5/22,-4.73,-7.85,-5.4,-6.76,-0.31,-0.72,-0.17,0.18,0.08,0.54,0.58
2018/5/23,-6.17,-10.06,-10.18,-8.11,0.32,0.21,0.87,-2.28,-0.2,-0.11,-0.97
2018/5/24,1.07,4.31,4.47,3.71,-0.2,-0.3,-0.06,-0.55,1.16,-1.03,0.52
2018/5/25,-1.52,-2.83,-0.3,-2.87,-0.24,-0.24,0.16,-1.54,-0.06,-2.97,-0.37
2018/5/29,4.89,10.64,6.01,8.64,-1.16,-1.58,-0.49,-3.75,-0.37,-1.52,0.21
2018/5/30,-0.91,-1.56,0.08,-2.67,1.27,1.26,0.72,2.4,0.18,2.08,0.14
2018/5/31,1.39,3.56,12.66,2.39,-0.69,-1.02,-0.12,0.13,-0.14,-0.5,0.32
2018/6/1,0.38,0.25,0.25,0.93,1.08,0.9,1.67,1.46,-0.42,-1.26,0.65
2018/6/4,-2.91,-4.46,-2.85,-4.32,0.45,0.72,0.84,1.32,-0.15,-1.49,0.95
2018/6/5,1.69,2.94,9.35,2.37,0.07,-0.06,0.32,-0.62,0.38,0.07,1.28
2018/6/6,0.39,-0.4,10.73,-0.42,0.86,1.4,0.6,1.63,-0.06,-0.6,1.04
2018/6/7,0.48,-0.28,-5.88,-0.04,-0.07,0.38,-0.79,-1.73,0.12,2.09,0.21
2018/6/8,-0.98,-0.83,-0.15,-1.17,0.31,0.3,0,0.88,-0.02,-0.65,-0.36
2018/6/11,1.64,1.29,9.29,1.93,0.11,0.02,0.22,0,0.04,0.25,-0.5
2018/6/12,-4.76,-6.95,-1.35,-7.01,0.17,-0.01,0.57,0.44,-0.29,-0.21,-0.36
2018/6/13,-3.75,-3.7,-4.46,-4.14,-0.4,-0.47,-0.05,0.31,0.14,0.66,0.31
2018/6/14,5.3,9.1,1.6,6.99,0.25,-0.1,1.03,-1.3,0.54,-0.5,-1.17
2018/6/15,-3.56,-6.09,1.19,-4.67,-0.1,-0.34,-0.33,-0.44,-2.28,-2.58,-2.17
2018/6/18,4.02,4.33,1.89,2.92,-0.21,-0.41,-0.06,-0.12,0.12,1.38,-0.41
2018/6/19,0.49,3.92,-0.57,1.3,-0.4,-1.15,-0.32,-0.69,-0.12,-0.8,-1.91
2018/6/20,0.19,-0.36,-4.07,-0.95,0.17,-0.17,0.73,1.39,-0.32,0.4,-0.27
2018/6/21,-0.55,-1.92,6.32,-0.99,-0.63,-0.8,-0.87,-1.31,-0.31,-1.08,-0.07
2018/6/22,-9.99,-12.06,-8.85,-11.4,0.19,0.49,-0.28,-0.13,0.02,3.12,0.29
2018/6/25,1.66,0.87,3.5,2.04,-1.37,-1.33,-2.21,-0.31,-0.14,-0.85,-1.13
2018/6/26,-2.79,-6.2,-5.64,-5.45,0.22,0.12,0.43,-0.19,-0.71,2.13,-0.31
2018/6/27,1.2,2.75,0.16,2.33,-0.86,-0.68,-1.39,-1.71,-0.3,2.5,0.34
2018/6/28,-4.41,-4.73,0.38,-5.52,0.62,0.41,0.89,0.45,-0.41,0.23,-0.79
2018/6/29,5.61,3.35,2.62,4.72,0.08,0.23,0.13,0.7,0.28,1.33,-0.29
2018/7/2,3.97,5.11,1.62,6.25,0.31,0.15,0.81,0.51,-1.02,-1.56,-1.66
2018/7/3,-1.6,-2.9,-3.1,-2.13,-0.49,-0.54,-1.17,-1.34,0.95,0.26,-0.71
2018/7/5,-0.79,0.2,-1.82,-1,0.86,0.75,1.23,-0.32,0.42,-0.53,-1.77
2018/7/6,1.09,0.3,-2.4,-0.78,0.85,0.41,1.5,-0.32,-0.24,0.17,-0.65
2018/7/9,-0.71,-3.07,-3.67,-2.84,0.88,1.31,0.95,1.16,0.49,0.42,1.39
2018/7/10,-5.4,-8.24,-5.18,-7.41,0.35,0.58,0.09,0.32,-0.15,0.36,-1.2
2018/7/11,1.3,3.08,-0.75,1.29,-0.71,-0.88,-0.53,-0.96,-0.7,-4.84,-2.54
2018/7/12,-2.17,-3.4,-4.4,-3.32,0.87,0.91,1.69,0.32,0.34,0.08,0.85
2018/7/13,-0.33,0.47,0.55,1.65,0.11,0.38,0.13,-0.71,-0.27,0.72,-0.23
2018/7/16,5.77,6.43,8.8,7.68,-0.1,0.18,-0.24,0.97,-0.13,-3.75,-0.91
2018/7/17,8.8,4.18,2.56,6.11,0.4,0.22,0.63,0.13,-1,0.25,-0.55
2018/7/18,0.84,-3.97,-6.23,-0.83,0.22,0.32,-0.19,0.51,0.05,0.67,0.53
2018/7/19,1.27,-2.19,0.71,-1.14,-0.4,-0.53,-0.51,-1.28,-0.35,0.45,-1.58
2018/7/20,-1.85,-4.28,-6.8,-5.68,-0.09,-0.03,-0.03,2.01,0.52,0.35,1.42
2018/7/23,4.19,-1.84,-0.9,-0.01,0.18,-0.06,0.29,2.3,-0.48,0.02,0.02
2018/7/24,8.86,6.51,1.03,6.63,0.48,0.79,0.47,-0.31,0.02,0.73,2.01
2018/7/25,-2.78,-1.64,6.91,-0.78,0.91,0.68,1.38,0.76,0.52,0.95,-0.38
2018/7/26,-2.9,-1.97,2.62,-2.36,-0.3,0.44,-1.44,0.31,-0.46,0.78,0.16
2018/7/27,3.15,1.62,4.88,1.78,-0.66,-0.3,-1.4,-0.81,-0.21,-0.57,0.19
2018/7/30,-0.47,-2.09,-5.27,-2.65,-0.58,-0.57,-1.42,0.5,-0.1,1.1,-0.33
2018/7/31,-5.48,-5.51,4.41,-5.18,0.49,0.43,0.54,-0.44,0.17,-1.64,0.73
2018/8/1,-1.59,-2.6,-1.11,-3.3,-0.1,-0.32,0.57,1.45,-0.49,-1.91,-2.1
2018/8/2,-0.93,-2.21,3.75,-1.96,0.49,-0.03,1.36,-0.62,-0.61,1.64,-0.66
2018/8/3,-1.55,1.6,-0.25,0.07,0.46,0.54,0.32,-1.18,0.25,-0.15,0.98
2018/8/6,-1.19,-0.84,0.4,-2.21,0.35,0.16,0.59,-0.38,-0.45,0.63,-0.59
2018/8/7,-3.15,-6.7,-3.95,-4.86,0.28,0.5,0.32,1.07,0.05,0.75,0.68
2018/8/8,-6.56,-6.03,-7.6,-9.84,-0.03,-0.18,0.09,-0.44,0.22,-2.63,0.96
2018/8/9,4.06,2.22,5.27,4.5,-0.14,-0.29,-0.03,-1.16,-0.09,-0.34,-0.06
2018/8/10,-5.91,-8.68,-5,-7.12,-0.71,-0.77,-0.79,-1.92,-0.07,0.92,-0.38
2018/8/13,-0.91,-10.74,-12.83,-6.65,-0.4,-0.5,-0.1,0.44,-1.65,-0.54,-0.99
2018/8/14,-1.04,-2.05,-8.07,-2.68,0.64,0.45,0.62,0.82,0.15,-0.03,-1.44
2018/8/15,1.08,1.06,1.15,1.67,-0.76,-0.54,-1.24,-1.25,-1.31,-2.26,-4.08
2018/8/16,0.8,2.01,2.52,2.15,0.79,1.58,0.27,0.19,-0.09,0.44,2.58
2018/8/17,4.36,10.51,11.25,12.75,0.33,0.43,0.04,-0.19,0.02,0.52,-0.3
2018/8/20,-3.29,-9.44,-4.92,-6.49,0.24,0.35,-0.08,-1.7,0.88,0.39,0.83
2018/8/21,3.41,3.62,1,2.96,0.21,0.25,0.35,0.83,0.45,0.62,0.75
2018/8/22,-1.89,-3.94,-2.27,-3.61,-0.04,-0.34,0.37,-0.76,0.28,2.39,0.02
2018/8/23,2.54,2.33,2.57,3.23,-0.17,-0.3,-0.14,0.26,-0.77,0.08,-0.13
2018/8/24,2.44,1.87,4.55,2.37,0.62,0.52,0.97,-0.51,1.62,1.08,1.71
2018/8/27,2.75,4.41,9.28,5.82,0.77,1.01,0.98,0.9,0.22,0.14,0
2018/8/28,2.57,3.16,2.88,4.62,0.03,0.06,0.15,1.34,-0.13,-0.31,0.97
2018/8/29,-0.64,-2.44,-2.83,-2.17,0.57,0.23,1.19,0.06,-0.24,1.22,-0.35
2018/8/30,-0.5,-1.54,-3.51,-1.74,-0.44,-0.53,-0.23,-0.94,-0.54,0.73,-1
2018/8/31,0.57,-0.72,1.9,1.4,0.01,-0.09,0.16,0.06,0.14,-0.26,-1.29
2018/9/4,1.56,-1.29,1.14,1.14,-0.17,-0.05,-0.42,1.27,-0.63,0.04,-2.55
2018/9/5,-9.09,-19.78,-12.89,-13.9,-0.28,0.09,-1.3,0.19,0.18,-1.32,0.44
2018/9/6,-2.87,0.37,3.22,-0.11,-0.37,0.08,-0.93,-0.88,0.25,-1.13,0.1
2018/9/7,-1.89,-6.1,-3.36,-2.59,-0.22,-0.31,-0.31,2.09,-0.32,0.2,0.31
2018/9/10,1.32,0.63,0.11,-0.47,0.19,-0.23,0.23,-0.25,-0.05,0.22,-0.14
2018/9/11,-0.43,-6.08,-1.59,-2.65,0.37,0.44,0.81,1.56,0.2,1.92,-1.61
2018/9/12,0.7,-1.13,-1.67,-0.49,0.04,0.11,-0.26,-0.55,0.73,0.91,2.19
2018/9/13,2.29,15.31,3.84,5.48,0.53,0.57,0.98,0.31,-0.22,-2.02,0.32
2018/9/14,0.01,-0.48,3.47,-0.41,0.03,0.03,-0.21,0.87,-0.59,-0.29,-0.79
2018/9/17,-3.82,-10.88,-5.82,-6.03,-0.56,-0.35,-1.47,-0.18,0.39,0.09,-0.72
2018/9/18,1.44,6.52,1.66,4.14,0.54,0.71,0.8,2.1,-0.24,1.5,1.51
2018/9/19,0.76,0.34,1,0.28,0.13,0.61,-0.05,0.3,0.45,0.81,0.58
2018/9/20,1.55,7,4.19,7.88,0.78,0.95,1.05,-0.06,0.25,-0.29,0.14
2018/9/21,4.28,10.47,4.47,8.5,-0.04,0.32,-0.5,0.07,-0.83,0.27,3.78
2018/9/24,-1.79,-6.81,-2.41,-5.37,-0.35,-0.68,0.23,0.73,0.26,2.26,-0.41
2018/9/25,-2.11,-3.93,-2.21,-1.52,-0.13,-0.26,0.19,0.3,0.06,0.76,-0.48
2018/9/26,0.36,-2.14,-1.16,0.43,-0.33,-0.4,0,-1.62,-0.5,-0.86,-0.31
2018/9/27,3.42,6.91,3.65,5.17,0.28,0.21,0.88,0.25,-0.98,0.93,-1.45
2018/9/28,-0.79,-3.22,-1.02,-1.37,0,0.07,-0.03,0.31,0.74,1.17,1.66
2018/10/1,-0.41,-0.44,-0.51,-0.68,0.36,0.73,0.23,0.55,-0.38,2.55,0.27
2018/10/2,-0.88,-2.56,3.4,-1.32,-0.04,0.46,-0.22,-0.78,1.28,0.25,0.71
2018/10/3,-0.64,-2.36,-0.27,-1.61,0.07,0.2,0.12,3.92,-0.34,1.4,0.91
2018/10/4,1.17,0.93,-0.22,0.91,-0.82,-0.75,-1.93,0.18,-0.11,-1.93,-0.42
2018/10/5,0.83,2.59,4.06,1.3,-0.55,-0.68,-1.21,1.44,0.33,-0.35,-1.34
2018/10/8,0.89,1.65,-0.14,1.82,-0.04,0.15,-0.62,-0.06,-1.41,0.18,-0.75
2018/10/9,-0.28,-0.69,-1.4,-1,-0.14,-0.21,0.26,-0.76,0.24,0.82,1.38
2018/10/10,-0.49,-0.85,-0.25,-1.31,-3.29,-3.15,-4.44,-1,0.16,-1.8,-1.14
2018/10/11,-5.72,-15.65,-10.06,-11.47,-2.06,-2.13,-1.14,-0.89,2.86,-3.03,-0.11
2018/10/12,0.84,3.04,2.51,2.28,1.42,1.15,2.77,0.67,-0.46,0.03,1.01
2018/10/15,5.9,8.72,10.16,5.6,-0.59,-0.35,-1.24,-0.12,0.68,0.61,-0.33
2018/10/16,0.08,0.37,-2.78,0.69,2.15,2.17,2.94,0.24,0.06,0.42,-0.64
2018/10/17,-0.28,-0.74,-0.35,-0.54,-0.03,-0.36,0.03,1.38,-0.29,-1.65,0.07
2018/10/18,-1.68,-3.22,-3.05,-1.66,-1.44,-1.27,-2.23,-0.94,0.22,-1.34,-0.62
2018/10/19,-0.94,-0.78,-0.22,0.2,-0.04,0.26,-0.12,0.6,-0.12,0.79,0.16
2018/10/22,-0.41,-0.29,-0.41,0.02,-0.43,-0.5,0.48,0.24,-0.33,-0.16,0.46
2018/10/23,-0.41,-0.53,0.41,0.34,-0.55,-0.5,-0.32,-0.88,1,-3.15,-0.61
2018/10/24,0.03,-0.27,-0.54,-0.38,-3.09,-2.41,-4.63,-1.9,-0.46,-0.09,-0.37
2018/10/25,-0.36,-0.49,-0.68,-0.81,1.86,1.63,3.35,0.49,0.11,0.77,0.15
2018/10/26,0.05,0.23,0.3,-0.18,-1.73,-1.19,-2.34,-1.56,0.28,0.49,-0.61
2018/10/29,-2.33,-3.87,-2.63,-4.04,-0.66,-0.99,-2.02,0.18,-0.67,-0.53,-0.59
2018/10/30,-0.15,0.17,-0.13,0.19,1.57,1.77,1.43,0.98,-0.19,-1.31,-1.64
2018/10/31,0.64,0.61,0.63,0.11,1.09,0.97,2.31,0.97,-0.84,-0.7,-1.04
2018/11/1,0.54,-0.21,1.36,1.2,1.06,1.06,1.47,-0.48,1.94,-2.47,1.51
2018/11/2,0.38,2.27,0.3,1.45,-0.63,-0.43,-1.47,2.73,-0.43,-0.37,1.98
2018/11/5,-0.29,-0.56,-0.87,0.95,0.56,0.76,-0.4,-0.29,-0.08,1.2,-1.31
2018/11/6,0.67,4.54,1.35,4.18,0.63,0.68,0.75,0.96,-0.49,-1.05,-0.62
2018/11/7,0.96,-0.65,0.25,-0.63,2.12,2.13,3.07,0.18,0.3,-0.16,0.15
2018/11/8,-1.39,-2.71,-2.04,-2.98,-0.25,0.04,-0.62,0.06,-0.2,-1.45,0.61
2018/11/9,-0.96,-0.7,-0.75,-1.27,-0.92,-0.77,-1.67,-1.65,-1.25,-0.12,-1.59
2018/11/12,-0.17,-0.18,-0.75,-0.23,-1.97,-2.32,-2.98,-1.1,-0.33,0.29,-0.61
2018/11/13,-0.09,-1.1,-0.89,-1.62,-0.15,-0.4,0.03,-0.29,-0.07,-4.05,0.03
2018/11/14,-9.13,-10.92,-7.57,-10.61,-0.76,-0.81,-0.89,-0.47,0.72,3.68,0.25
2018/11/15,-2.11,-1.79,-3.53,-0.89,1.06,0.83,1.78,-0.53,0.42,-2.98,0.88
2018/11/16,-1.45,-3.85,-4.37,-2.25,0.22,0.49,-0.34,-1.47,0.65,1.02,0.75
2018/11/19,-13.69,-15.97,-17.05,-13.4,-1.66,-1.56,-3.26,0.18,0.17,1.87,0.19
2018/11/20,-7.36,-11.46,-11.38,-11.29,-1.82,-2.21,-1.75,-0.06,-0.33,-5.53,-0.95
2018/11/21,2.52,3.61,5.86,4.57,0.3,0,0.75,0.12,0.55,0.84,0.76
2018/11/23,0.96,-1.17,-1.7,-1.92,-0.66,-0.73,-0.73,-0.6,-0.38,-6.35,-0.72
2018/11/26,-5.54,-6.75,-4.55,-5.46,1.55,1.46,2.31,0.36,-0.03,1.65,-0.42
2018/11/27,0.77,1,-1.05,1.33,0.33,0.44,0.34,0,-0.71,-0.36,-1.23
2018/11/28,10.32,10.4,7.22,10.65,2.3,2.5,3.17,0.06,0.81,-0.23,0.88
2018/11/29,0.73,-3.99,0.57,-1.11,-0.22,-0.11,-0.3,-0.95,0.05,1.05,0.54
2018/11/30,-5.98,-3.46,-4.8,-5.56,0.82,0.79,0.82,-1.26,-0.36,-0.97,0.74
2018/12/3,-6.31,-6.65,-2.78,-6.39,1.09,1.13,1.63,-2.39,1.11,1.9,1.17
2018/12/4,1.56,1.31,14.89,0.76,-3.24,-3.1,-3.78,-1.71,0.57,1.09,-0.74
2018/12/6,-6.97,-11.21,-19.08,-9.26,-0.15,-0.32,0.64,-0.87,0.08,-2.72,-1.66
2018/12/7,-2.46,2.65,-7.9,-1.57,-2.33,-2.24,-3.3,-1.19,0.72,2.91,0.79
2018/12/10,-3,-3.68,-2.9,-2.1,0.18,0.14,1.05,1.2,-0.26,-2.39,-1.02
2018/12/11,-1.53,-2.05,2.67,-2.4,-0.04,-0.22,0.32,0.56,-0.18,-0.04,0.8
2018/12/12,1.72,1.46,4.72,2.02,0.54,0.64,0.89,1.13,0.23,-1.31,-0.29
2018/12/13,-4.35,-3.69,-6.77,-4.01,-0.02,0.29,0.06,0.06,-0.21,1.66,0.02
2018/12/14,-2.04,-2.9,-2.58,-3.66,-1.91,-2.02,-2.56,-0.62,-0.48,-2.79,-0.19
2018/12/17,8.57,11.4,9.33,11.64,-2.08,-2.11,-2.22,-1.25,0.84,-2.68,-0.08
2018/12/18,4.02,6.66,9.7,5.79,0.01,0.35,0.67,-1.2,0.14,-3.72,-1.58
2018/12/19,0.52,-1.28,-3.2,1.19,-1.54,-1.49,-2.29,-2.15,0.22,1.76,0.64
2018/12/20,10.55,15.35,5.65,12.38,-1.58,-1.99,-1.57,1.68,0.92,-4.3,-0.28
2018/12/21,-5.52,-5.61,-3.38,-4.19,-2.06,-1.81,-3.15,-0.71,-0.77,0.34,-0.32
2018/12/24,2.07,7.43,2.37,2.78,-2.71,-2.91,-2.43,-1.86,1.09,-5.93,-0.55
2018/12/26,0.83,1.3,2.89,1.21,4.96,4.98,6.16,2.14,0.09,5.57,0
2018/12/27,-5.45,-11.92,-7.69,-8.58,0.86,1.14,0.41,-1.28,0.64,-2.15,-0.07
2018/12/28,7.66,19.25,13.7,11.02,-0.12,-0.33,-0.05,-2.07,0.15,-0.57,-0.21
2018/12/31,-2.77,-4.73,3.56,-6.2,0.85,1.15,0.71,-1.12,-0.13,-0.89,-0.3
2019/1/2,1.69,9.56,0.89,2.39,0.13,0.08,0.49,-1.98,0.22,1.84,-1.94
2019/1/3,-2.42,-3.93,-4.19,-3.93,-2.48,-2.83,-3.36,-3.08,0.83,1.06,-0.65
2019/1/4,0.6,4.03,2.86,1.07,3.43,3.29,4.48,4.55,-0.7,2.07,2.57
2019/1/7,-0.45,-3.23,-0.98,-2.31,0.7,0.42,1.02,1.13,0.32,0.36,0.55
2019/1/8,-0.37,-1.03,5.08,1.02,0.97,1.09,0.98,1.19,-0.21,2.06,-0.34
2019/1/9,0.17,0.26,0.61,1.34,0.41,0.39,0.75,-0.66,0.57,4.05,0.44
2019/1/10,-9.41,-15.56,-11.47,-11.86,0.45,0.51,0.31,1.25,-0.25,0.55,-0.29
2019/1/11,0.35,-0.39,2.68,-0.28,-0.01,-0.02,-0.3,-1.7,0.26,-1.11,0.34
2019/1/14,4.24,11.24,10.78,6.76,-0.53,-0.36,-0.91,0.26,0.25,-0.9,-0.67
2019/1/15,-1.84,-6.2,-4.11,-3.07,1.07,0.65,1.97,0.46,-0.24,2.05,0.48
2019/1/16,0.47,1.75,4.85,1.56,0.22,0.59,-0.02,0.32,0.42,0.44,0.83
2019/1/17,1.07,0.25,3.77,0.93,0.76,0.67,0.75,0.85,-0.12,-0.26,0.39
2019/1/18,-0.57,-2.2,2.51,-1.5,1.32,1.38,0.98,1.36,-0.76,2.5,1.25
2019/1/22,1.23,1.88,0.09,1.72,-1.42,-1.22,-2.03,-1.17,0.05,-2.48,-1.12
2019/1/23,-0.52,-1.18,0.24,-0.48,0.22,0.7,0.18,0.32,0.05,-0.66,0.7
2019/1/24,0.36,-0.11,-0.58,0.26,0.14,-0.09,0.66,-1.24,-0.33,0.63,-0.15
2019/1/25,-0.06,-1.03,3.46,-0.05,0.85,0.75,1.27,1.58,1.42,0.87,2.02
2019/1/28,-3.17,-5.94,-12.58,-5.73,-0.78,-0.84,-1.33,-0.26,0.39,-3.3,-1.31
2019/1/29,-0.81,-0.98,-0.2,-0.76,-0.15,0.21,-0.96,-1.38,0.45,2.36,0.91
2019/1/30,1.32,3.55,-0.09,2.71,1.55,1.77,2.64,-1.19,0.02,0.96,1.33
2019/1/31,-0.66,-1.66,1.39,-2.43,0.86,-0.06,1.45,-1.67,0.74,-0.91,0.64
2019/2/1,0.9,0.26,4.87,0.78,0.09,0.26,-0.45,1.95,-0.23,2.15,-0.07
2019/2/4,0.11,0.27,4.69,0.36,0.68,0.7,1.23,1.26,-0.21,-0.83,1.3
2019/2/5,0.16,-0.5,10.54,-0.42,0.47,0.68,0.91,-0.79,-0.01,-0.98,-0.02
2019/2/6,-1.85,-2.55,3.48,-2,-0.22,-0.08,-0.37,-0.14,-0.36,0.88,-0.09
2019/2/7,-0.2,-0.08,-3.88,0.21,-0.94,-0.87,-1.32,-1.59,-0.02,-1.9,-0.25
2019/2/8,7.77,14.05,9.92,10.2,0.07,-0.25,0.12,-0.88,0.33,0.86,-0.95
2019/2/11,-1.28,-2.89,4.02,-1.86,0.07,-0.21,-0.06,0.75,-0.5,-0.34,-0.93
2019/2/12,0.01,1.1,-2.63,0.9,1.29,1.49,1.53,1.22,0.16,1.55,-0.88
2019/2/13,-0.56,-0.35,-3.85,-0.74,0.3,0.46,0.02,0.87,0.08,1.66,0.04
2019/2/14,-0.52,-1.02,-1.92,-1.26,-0.27,-0.41,0.09,-1.99,-0.09,1.08,-0.19
2019/2/15,0.34,0.63,5.73,1.06,1.09,1.74,0.47,0.34,0.63,2.46,1.12
2019/2/19,0.47,-1.22,8.95,1.32,0.15,0.03,0.16,-1.41,1.72,0.42,1.37
2019/2/20,1.48,3.54,4.5,2.78,0.18,0.24,-0.06,0.48,0.23,1.02,1.35
2019/2/21,-0.9,-2.23,-4.24,-2.76,-0.35,-0.4,-0.38,1.76,-1.49,0.16,0.05
2019/2/22,0.73,1.5,2.71,1.89,0.64,0.7,0.79,-1.54,0.38,0.25,1.27
2019/2/25,2.09,4.02,-2.38,3.07,0.12,0.23,0.35,0.07,-0.25,-2.77,-0.08
2019/2/26,-0.61,-1.15,-2.72,-0.87,-0.08,-0.13,0.11,-1.14,-0.07,0.48,0.2
2019/2/27,0.11,-1.08,4.5,-0.77,-0.05,-0.28,-0.09,1.84,-0.55,1.94,0.46
2019/2/28,0.05,0.2,4.26,0.15,-0.28,-0.27,-0.27,1.14,-0.39,0.08,0.06
2019/3/1,0.14,0.18,10.45,0.79,0.69,0.43,0.76,1.53,-1.28,-1.74,-0.04
2019/3/4,-2.45,-3.85,-0.29,-3.34,-0.39,-0.79,-0.01,-1.51,-0.9,1.06,-1.19
2019/3/5,3.8,8.61,19.61,6.42,-0.11,-0.05,0.08,-0.2,-0.22,0.2,1.01
2019/3/6,0.15,0.58,6.78,0.34,-0.65,-0.52,-0.62,-0.93,0.23,-0.18,-0.29
2019/3/7,0.32,-0.5,3.59,0.59,-0.81,-0.78,-1.2,-1.94,-0.01,0.62,-0.9
2019/3/8,-0.24,-2.25,-5.36,-1.44,-0.21,-0.09,-0.16,-0.41,1.13,-0.87,-0.43
2019/3/11,-1.15,-2.01,0.26,-1.44,1.47,0.79,2.11,0.41,-0.54,0.88,-0.21
2019/3/12,0.41,0.61,6.48,1.81,0.3,-0.38,0.52,-1.57,0.64,0.07,1.5
2019/3/13,-0.54,-1.37,-2.09,-0.25,0.69,0.58,0.77,0.97,0.96,1.71,0.58
2019/3/14,0.36,0.36,-0.78,1.14,-0.09,0.03,-0.19,0.21,-1.09,0.08,-1.04
2019/3/15,1.17,3.25,0.22,1.85,0.5,0.54,0.88,-1.51,0.58,-0.33,-0.08
2019/3/18,0.22,-0.71,-0.51,0.06,0.37,0.25,0.26,0.42,-0.09,0.74,0.21
2019/3/19,0.67,0.58,-0.21,1.13,-0.01,-0.1,0.31,0.48,0.38,0.16,0.81
2019/3/20,0.6,0.42,-2.42,0.76,-0.29,-0.55,0.43,-3.56,-0.37,1.18,0.23
2019/3/21,-1.46,-3.02,-5.16,-1.52,1.09,0.84,1.52,0.56,0.44,-0.61,-0.99
2019/3/22,0.21,0.97,5.6,0.85,-1.9,-1.77,-2.23,-3.99,0.39,-1.44,-1.05
2019/3/25,-1.44,-1.6,-1.96,-2.07,-0.08,0.06,-0.12,-1.88,0.78,0.07,0.02
2019/3/26,0.15,0.08,-3.64,0.3,0.72,0.55,0.47,0.81,-0.57,1.11,0.31
2019/3/27,2.51,3.93,2.46,4.59,-0.46,-0.13,-0.58,-1.82,-0.34,-0.71,0.36
2019/3/28,-0.4,-1.08,0.44,-0.46,0.36,0.36,0.17,0.44,-1.64,-0.35,-0.11
2019/3/29,1.9,3.79,-0.98,1.51,0.67,0.82,0.8,0.66,0.25,0.81,1.49
2019/4/1,1.04,-0.2,2.15,1.74,1.16,1.27,1.35,3.08,-0.33,1.86,-0.15
2019/4/2,17.23,15.53,10.09,15.78,0,-0.3,0.28,-1.21,0.09,1.03,-0.85
2019/4/3,2.25,-1.92,-6.11,1.22,0.21,0.15,0.6,2.24,-0.01,-0.05,1.23
2019/4/4,-1.33,-1.81,2.62,-0.89,0.21,0.64,-0.06,-0.57,-0.08,-0.25,-0.77
2019/4/5,2.2,4.77,1.93,4.85,0.46,0.15,0.51,-0.57,0.1,1.33,-0.43
2019/4/8,1.38,2.77,-5.16,-0.57,0.1,-0.32,0.28,0.72,0.49,1.44,0.45
2019/4/9,-1.65,-2.27,1.79,-2.43,-0.61,-0.72,-0.41,-0.71,0.49,-0.53,-0.05
2019/4/10,2.89,1.3,-0.33,1.81,0.35,0.03,0.57,-1.5,0.43,1.31,-0.27
2019/4/11,-5.37,-7.33,-3.87,-7.4,0,-0.05,-0.22,1.38,-1.57,-1.24,-0.81
2019/4/12,0.63,-0.54,4.51,0.41,0.66,1.03,0.44,2.51,0.15,0.53,1.06
2019/4/15,-2,-4.25,-0.6,-2.51,-0.06,-0.1,0.01,0,-0.3,-0.8,-0.16
2019/4/16,2.95,3.42,1.95,2.77,0.05,0.26,0.34,1.41,-1.09,0.7,-0.5
2019/4/17,0.53,0.16,-0.78,-0.19,-0.23,-0.01,0.34,0.07,-0.03,-0.41,0.54
2019/4/18,1.08,4.48,12.26,1.94,0.16,0.42,0.12,-1.33,-0.06,0.26,-0.9
2019/4/22,1.97,1.39,-1.03,0.77,0.1,-0.18,0.31,1.06,0.13,2.24,-0.07
2019/4/23,3.08,-0.54,-5.19,-0.28,0.88,0.55,1.26,-0.7,-0.34,0.52,-0.88
2019/4/24,-1.74,-2.78,2.04,-3.98,-0.22,-0.22,-0.34,-1.97,0.49,-0.4,0.44
2019/4/25,-3.81,-6.07,-2.3,-5.19,-0.04,-0.51,0.42,0.64,0.02,-0.29,-0.94
2019/4/26,1.71,1.8,2.57,1.57,0.47,0.31,0.12,-1.35,0.71,-2.43,0.39
2019/4/29,-1.27,-2.11,-5.82,-2.25,0.11,0.04,0.16,1.08,-0.57,0.16,-0.02
2019/4/30,1.64,4.44,1.71,4.47,0.1,0.15,-0.73,-0.93,0.33,0.73,-0.27
2019/5/1,1.19,-0.88,-0.74,0.14,-0.75,-0.61,-0.38,-0.08,-0.12,0.06,-1.9
2019/5/2,2.04,0.8,7.91,0.87,-0.21,-0.46,-0.36,1.73,-0.95,-2.05,-0.7
2019/5/3,4.97,3.83,0.4,3.57,0.96,0.75,1.58,-0.57,0.73,0.2,0.68
2019/5/6,-0.52,6.11,-3.49,0,-0.45,-0.25,-0.66,-1.21,0.2,-0.01,0.04
2019/5/7,1.82,-2.11,-6.86,-0.86,-1.65,-1.79,-1.98,-2.08,0.23,-1.48,-0.93
2019/5/8,2.41,0.84,0.03,1.35,-0.16,0.01,-0.3,1.54,-0.23,1.09,-0.71
2019/5/9,3.36,0.04,-8.92,-1.54,-0.3,-0.54,-0.46,-1.3,0.39,-0.54,-0.76
2019/5/10,3.14,1.13,4.24,2.69,0.37,0.44,0.05,0.8,0.26,0.24,0.47
2019/5/13,11.76,4.22,12.13,7.32,-2.41,-2.38,-3.46,-1.31,1.21,-0.68,-1.5
2019/5/14,2.42,10.92,0.6,7.1,0.8,0.82,1.06,0.44,-0.43,1.12,0.82
2019/5/15,2.13,14.13,13.45,10.13,0.58,0.45,1.37,-1.54,0.12,0.63,1.01
2019/5/16,-3.59,6.66,-1.98,-2.73,0.89,0.84,1.02,0.74,-0.9,1.45,0.34
2019/5/17,-6.51,-7.65,-1.87,-6.61,-0.58,-0.38,-1.01,-0.07,-0.82,-0.53,-0.94
2019/5/20,-2.35,-3.43,0.33,-3.23,-0.67,-0.33,-1.69,0.74,0.12,-0.02,-0.9
2019/5/21,-0.44,1.21,10.75,2.14,0.85,0.77,1.01,0.37,-0.32,-0.17,-0.18
2019/5/22,-3.72,-3.71,-4.2,-4.79,-0.28,-0.39,-0.41,-1.97,0.05,-2.21,-1.06
2019/5/23,2.83,0.14,1.2,1.73,-1.19,-1.11,-1.52,-2.45,0.9,-4.5,0.08
2019/5/24,1.5,1.83,8.53,1.79,0.14,0.37,-0.1,0.07,-0.14,1.04,1.01
2019/5/28,-0.5,0.08,-1.02,0.09,-0.84,-0.93,-0.31,-1.83,-0.52,1.14,-0.07
2019/5/29,-0.79,-0.95,1.5,2.18,-0.69,-0.87,-0.85,-0.23,0.3,-0.75,-0.99
2019/5/30,-4.35,-5.24,-5.9,-4.73,0.21,0.17,0.4,-2.01,0.47,-3.36,-0.28
2019/5/31,3.46,5.29,4.11,4.79,-1.32,-1.41,-1.62,-3.77,1.45,-4.83,-0.33
2019/6/3,-6.92,-6.93,-6.91,-5.85,-0.28,0.02,-2.1,-2.36,1.28,-1.21,-0.5
2019/6/4,-5.41,-3.64,-5.41,-5.68,2.14,2.06,2.7,2.24,0.06,0.51,0.49
2019/6/5,1.22,1.89,5.66,1.28,0.82,0.82,0.76,0.49,0.37,-2.62,-1
2019/6/6,0.08,1.1,0.99,0.4,0.61,0.71,0.76,-0.49,0.68,1.06,0.39
2019/6/7,2.57,0.18,0.88,2.5,1.05,1.02,1.94,-1.72,0.25,2.28,-0.65
2019/6/10,4.62,6.74,6.09,4.98,0.47,0.3,1.14,1.39,-1.25,-1.05,0.98
2019/6/11,-1.25,-0.99,-0.32,-0.71,-0.03,-0.05,0.16,-0.25,0.14,0.28,0.5
2019/6/12,3.11,7.01,9.28,3.48,-0.2,-0.17,-0.55,-1.05,0.42,-3.3,-0.19
2019/6/13,1.06,-2.55,1.03,-0.15,0.41,0.39,0.51,-1.39,0.52,1.56,-0.17
2019/6/14,5.32,3.01,-7.9,1.77,-0.16,-0.07,-0.42,-0.42,0.06,0.9,-0.77
2019/6/17,3.98,1.87,4.91,2.46,0.09,0.09,0.63,-0.09,-0.12,-1.33,0.2
2019/6/18,-2.56,-3.08,2.15,-2.61,0.97,1.35,1.45,-1.57,0.58,2.13,1.7
2019/6/19,1.93,1.39,1.79,1.41,0.3,0.15,0.42,-1.42,-0.14,-0.41,-0.3
2019/6/20,2.83,1.18,4.73,0.03,0.95,0.94,0.92,-0.26,3.57,3.89,0.64
2019/6/21,6.96,8.58,5.08,4.38,-0.13,-0.13,-0.12,1.77,0.23,1.04,-0.56
2019/6/24,1.37,0.95,0.5,0.95,-0.17,0.03,-0.07,-2.01,1.29,0.47,0.59
2019/6/25,6.91,1.99,-3.63,2.89,-0.95,-0.67,-1.7,-1.45,0.04,0.32,1.43
2019/6/26,10.62,6.58,-0.15,1.97,-0.12,-0.04,0.47,3.11,-0.23,2.3,-0.44
2019/6/27,-13.59,-12.11,-4.44,-12.27,0.38,-0.04,0.39,-1.77,-0.24,0.02,-0.29
2019/6/28,9.93,4.37,0.56,7.39,0.58,0.28,0.18,-0.36,0.12,-1.23,0.15
2019/7/1,-1.87,0.9,3.61,0.51,0.77,0.44,1.27,-0.6,-1.73,0.54,-1.02
2019/7/2,2.07,-1.16,-3.94,-0.41,0.29,0.26,0.41,-2.8,1.35,-3.84,-0.92
2019/7/3,9.83,3.14,1.61,5.32,0.77,0.67,0.74,-1.14,0.92,1.78,0.44
2019/7/5,-1.73,1.31,-1.44,-0.35,-0.18,-0.16,-0.21,4.67,-1.46,0.89,-0.16
2019/7/8,7.33,2.41,1.3,2.63,-0.48,-0.43,-0.71,0.25,0.17,-0.17,0.08
2019/7/9,2.36,-1.54,-2.64,-0.52,0.12,-0.08,0.53,1.18,0.21,0.3,-0.41
2019/7/10,-3.44,-5.96,-4.01,-5.31,0.45,0.29,0.98,-0.51,1.03,3.9,1.99
2019/7/11,-6.34,-7.05,-5.73,-7.77,0.23,0.85,-0.08,3.97,-0.22,-0.48,0.09
2019/7/12,3.7,2.22,8.32,4.04,0.46,0.9,0.59,-0.91,0.57,0.05,0.21
2019/7/15,6.33,0.82,0.27,3.4,0.02,0.1,0.3,-1.57,0.09,-1.06,0.85
2019/7/16,-13.1,-12.96,-12.3,-12.82,-0.34,-0.09,-0.5,0.75,-0.18,-2.89,0.79
2019/7/17,3.17,6.07,10.16,4.67,-0.65,-0.42,-0.48,-2.98,0.86,-1.23,0.2
2019/7/18,9.55,6.77,4.73,8.84,0.36,0.01,0.19,-0.86,0.34,-2.34,0.44
2019/7/19,-0.75,-2.28,0.27,-0.76,-0.62,-0.25,-0.88,1.53,-0.1,0.68,0.31
2019/7/22,-2.82,-3.44,1.37,-2.62,0.28,0.07,0.9,-0.43,0.02,1.07,-1.33
2019/7/23,-5.03,-2.49,-4.47,-3.77,0.68,0.65,0.63,1.36,-0.36,0.84,-0.35
2019/7/24,-0.85,1.69,-1.95,1.08,0.47,-0.29,0.7,-1.35,0.14,-1.15,0.92
2019/7/25,1.44,1.02,0.13,0,-0.53,-0.47,-1.01,1.61,-0.63,0.31,-0.41
2019/7/26,-1.15,0.09,-0.15,0.95,0.74,0.19,1.1,-0.43,0.33,-0.23,-0.73
2019/7/29,-1.51,-0.26,-2.49,-0.59,-0.16,0.11,-0.35,-0.26,0.08,0.49,0.95
2019/7/30,0,-0.63,-0.32,0.97,-0.26,-0.09,-0.46,-0.17,0.59,1.68,-0.89
2019/7/31,5.23,4.19,2.92,3.45,-1.09,-1.23,-1.3,-2.53,-0.28,1.17,-0.18
2019/8/1,2.96,-0.4,3.45,0.68,-0.9,-1.05,-0.61,-5.25,-0.38,-6.35,-0.58
2019/8/2,1.35,0.08,-2.04,-0.34,-0.73,-0.37,-1.39,-3.09,1.75,1.71,-2.15
2019/8/5,8.07,5.31,2.18,4.15,-2.98,-2.9,-3.6,-7.17,1.3,-2.54,-0.34
2019/8/6,-2.84,-2.93,-1.16,-3.85,1.3,1.21,1.42,-0.1,0.52,-1.28,0.13
2019/8/7,4.64,-0.43,7.24,1.28,0.08,-0.09,0.41,0.29,2.39,-4.41,-0.34
2019/8/8,1.48,-2,5.21,-0.67,1.88,1.43,2.29,-0.1,-0.66,2.06,2.51
2019/8/9,-0.84,-4.84,-4.41,-3.46,-0.66,-0.34,-1.02,1.5,-0.07,2.26,-1.08
2019/8/12,-1.07,-2.49,-0.25,-1.83,-1.2,-1.45,-1.11,-5.98,0.58,0.14,0.26
2019/8/13,-4.4,-1.32,-2.45,-2.23,1.48,1.44,2.2,3.75,-0.2,3.86,1.4
2019/8/14,-7.74,-10.17,-8.31,-8.66,-2.93,-3.05,-3.08,-7,0.9,-2.76,-1.05
2019/8/15,2.53,0.66,4.09,1.94,0.25,0.39,-0.07,-5.11,0.22,-1.19,0.33
2019/8/16,0.31,-1.73,-2.13,-0.79,1.44,1.2,1.59,4.04,-0.5,0.41,-0.08
2019/8/19,5.8,4.11,3.11,3.14,1.21,0.96,1.52,2.15,-0.79,1.65,0.07
2019/8/20,-1.45,-2.73,-2.72,-2.22,-0.79,-0.66,-0.71,-3.48,0.27,0.39,-0.88
2019/8/21,-5.68,-4.54,-3.71,-4.68,0.82,0.93,0.9,2.51,0,-0.12,0.58
2019/8/22,-0.36,1.63,0.25,1.87,-0.05,0.19,-0.33,1.39,-0.48,-0.7,-1.03
2019/8/23,2.81,1.65,0.02,1.8,-2.59,-2.37,-3.15,-4.94,1.93,-1.54,-0.32
2019/8/26,2.32,1.09,0.16,1.18,1.1,1.05,1.47,4.21,-0.03,-0.57,0.05
2019/8/27,-1.8,-0.93,-2.02,-1.4,-0.32,-0.47,-0.12,-4.16,0.95,1.38,0.48
2019/8/28,-4.47,-7.36,-8.5,-5.94,0.65,1,0.29,-0.45,-0.17,1.68,0.09
2019/8/29,-2.45,-2.43,-6.74,-3.1,1.27,1.25,1.51,1.94,-0.79,1.33,0.75
2019/8/30,0.99,-0.29,1.53,0.75,0.06,0.16,-0.15,0.21,-0.49,-2.24,0.35
2019/9/3,2.55,0.39,-1.17,1.22,-0.69,-1.08,-1.06,-2.91,1.73,-1.57,-0.61
2019/9/4,-0.42,-2.25,-3.02,-1.38,1.08,0.91,1.44,0.57,0.29,4.2,2.18
2019/9/5,-0.01,-0.55,4.3,-0.67,1.3,1.41,1.86,6.43,-2.24,0.39,0.7
2019/9/6,-2.44,-2.7,-2.99,-1.98,0.09,0.26,-0.13,-0.33,-0.66,0.66,0.09
2019/9/9,-0.9,-0.44,-1.13,-0.74,-0.01,0.14,-0.26,5.58,-0.29,2.05,0.2
2019/9/10,-1.98,-0.33,-1.14,-1.75,0.03,0.28,-0.23,5.86,-0.79,-0.35,0.48
2019/9/11,0.57,-0.88,-4.99,-0.93,0.72,0.85,0.93,0.1,0.27,-2.38,-0.42
2019/9/12,2.49,1.35,-0.25,1.11,0.29,0.17,0.38,1.89,0.28,-1.05,0.3
2019/9/13,-0.7,0.13,0,-0.07,-0.07,0.14,-0.31,6.89,-0.52,-0.21,1.31
2019/9/16,-0.54,4.35,-0.67,0.38,-0.31,-0.52,-0.51,-3.05,0.8,12.37,-1.54
2019/9/17,-0.58,5.29,3.01,2.93,0.26,0.13,0.46,-1.8,0.13,-4.92,-0.85
2019/9/18,-0.3,1.28,5.38,3.79,0.03,0.13,0,-0.57,0.16,-1.51,-0.14
2019/9/19,0.84,4.65,-2.72,-0.48,0,-0.19,0.17,-0.68,-0.63,0.37,0.16
2019/9/20,-0.76,-1,-0.97,-1.29,-0.49,-0.59,-0.99,-3.69,0.59,-0.27,0.23
2019/9/23,-3.28,-4.71,-4.71,-4.38,-0.01,0.06,-0.06,0.1,1.08,0.63,-0.18
2019/9/24,-12.25,-17.34,-18.23,-15.13,-0.84,-0.53,-1.39,-4.11,0.57,-2.05,-0.82
2019/9/25,-0.96,1.58,1.46,1.27,0.62,0.61,1.21,5.13,-1.81,-1.19,0.23
2019/9/26,-4.37,-2.58,-5.15,-3.14,-0.24,-0.3,-0.4,-2.3,0.19,-0.14,-0.79
2019/9/27,1.5,5.24,1.52,2.25,-0.53,-0.26,-1.16,-0.61,-0.58,-0.82,0.34
2019/9/30,2.92,6.53,3.73,3.32,0.5,0.36,0.88,-0.92,-2.22,-2.88,-0.04
2019/10/1,0.22,-2.54,0.06,-0.48,-1.23,-1.28,-0.84,-1.97,1.09,-0.7,-0.52
2019/10/2,0.74,2.56,0.36,1.09,-1.79,-1.86,-1.74,-2.1,1.27,-1.91,-0.12
2019/10/3,-1.64,-3.18,-1.33,-1.79,0.8,0.47,1.16,-4.17,0.39,0.19,0.06
2019/10/4,-0.96,0.64,-0.32,0.86,1.42,1.42,1.51,-0.33,-0.06,1.04,0.15
2019/10/7,4.02,5.46,4.45,4.56,-0.45,-0.36,-0.37,3.27,-0.56,-0.08,0.83
2019/10/8,-0.19,0.51,0,0.29,-1.56,-1.19,-1.56,-2.08,-0.03,-0.25,-0.46
2019/10/9,4.69,6.56,10.38,4.17,0.91,0.7,1.13,3.58,0.59,0.06,-0.18
2019/10/10,-0.05,-0.8,-0.99,-1.56,0.64,0.57,0.65,5.21,-0.79,1.12,1.78
2019/10/11,-3.44,-5.49,-5.31,-2.58,1.09,1.21,1.34,3.86,-0.81,2.29,0
2019/10/14,0.87,3.05,1.25,2.06,-0.14,-0.11,-0.02,-1.1,0.6,-1.6,-0.54
2019/10/15,-2.23,-3.23,0.05,-2.28,1,0.89,1.28,3.26,-0.94,-0.66,0.09
2019/10/16,-2.04,-3.36,-3.7,-2.13,-0.2,-0.08,-0.29,-1.49,0.71,0.8,-0.62
2019/10/17,0.91,1.59,4.17,2.04,0.28,0.09,0.28,0.3,0.29,0.59,0.1
2019/10/18,-1.55,-2.54,-1.62,-1.97,-0.39,-0.95,-0.93,0.21,-0.28,-0.25,0.83
2019/10/21,-0.18,-0.55,-1.2,0.98,0.69,0.21,0.91,3.63,-0.4,-0.93,0.13
2019/10/22,-2.15,-1.58,-0.32,-1.76,-0.36,-0.15,-0.83,-1.95,-0.04,1.31,-0.02
2019/10/23,-6.9,-5.34,-8.07,-6.25,0.28,0.17,0.19,0,0.55,1.95,0.84
2019/10/24,-0.73,-0.95,1.06,1.21,0.19,-0.11,0.98,0.2,0.6,0.83,0.21
2019/10/25,16.65,12.92,10.05,12.3,0.41,0.57,0.78,1.59,0.04,0.47,0.47
2019/10/28,-3.38,-1.29,3.09,-1.3,0.56,0.49,1.01,2.26,-0.63,-0.61,0.12
2019/10/29,2.22,4.83,3.83,2.48,-0.08,-0.07,-0.78,-0.48,-0.34,0.1,0.57
2019/10/30,-2.69,-3.78,-3.68,-1.93,0.33,0.43,0.44,-3.36,0.4,-1.03,-0.36
2019/10/31,-0.06,-0.48,-0.27,-0.21,-0.3,-0.52,0.01,-4.93,1.21,-1.53,-1.48
2019/11/1,0.85,0.41,0.26,0.38,0.97,1.11,0.96,1.56,-0.22,3.4,1.19
2019/11/4,2.15,2.29,2.24,2.36,0.37,0.42,0.61,3.89,-0.02,1.11,0.48
2019/11/5,-0.91,1.51,0,1.04,-0.12,0.11,-0.01,4.27,-1.81,1.06,0.17
2019/11/6,0.3,1.38,0.14,0.66,0.07,0,-0.17,-1.43,0.63,-1.64,-0.61
2019/11/7,-1.24,-2.27,-1.2,-0.69,0.27,0.66,0.29,5.43,-1.7,0.53,0.76
2019/11/8,-4.83,-1.56,-3.37,-4,0.26,0.02,0.44,0.81,-0.14,0.06,-0.73
2019/11/11,-3.32,-2.06,-1.51,-2.12,-0.2,0.04,-0.17,-1.16,-0.3,-0.97,-1.14
2019/11/12,0.87,1.03,3.89,0.77,0.16,0,0.27,0.27,-0.14,-0.23,-0.32
2019/11/13,-0.33,0.73,2,0.28,0.07,0.33,-0.05,-1.89,0.75,0.44,-0.93
2019/11/14,-1.39,-1.65,-0.46,-0.68,0.08,-0.01,-0.02,-3.65,0.68,-0.19,-0.84
2019/11/15,-2.13,-2.73,-4.28,-2.81,0.77,0.8,0.7,0.76,-0.32,1.51,0.27
2019/11/18,-3.54,-3.09,-5.27,-3.7,0.05,0.11,0.16,-0.48,0.23,-1.71,-0.81
2019/11/19,-0.76,-1.35,-3.25,-2.02,-0.06,-0.36,0.12,-1.61,0.16,-2.43,0.39
2019/11/20,-0.57,-0.64,-2.46,-1.98,-0.38,-0.4,-0.66,-2.21,-0.01,2.46,-0.26
2019/11/21,-5.82,-7.71,-6.71,-5.83,-0.16,-0.2,-0.22,1.67,-0.71,2.29,-0.61
2019/11/22,-4.66,-7.22,-7.31,-5.55,0.22,0.39,0.08,-0.29,0,-0.64,0.54
2019/11/25,2.76,3.72,0.6,1.38,0.75,0.68,1.21,-1.55,-0.46,-0.08,-0.25
2019/11/26,0.66,1.17,1.16,1.95,0.22,0.2,0.17,-0.59,0.25,0.64,0.94
2019/11/27,4.86,3.44,3.58,2.72,0.42,0.15,0.7,1.48,-0.45,-0.57,0.13
2019/11/29,4.26,2.3,4.02,3.58,-0.4,-0.4,-0.49,-0.2,0.81,-4.75,-1.24
2019/12/2,-1.33,-1.43,-2.06,-1.54,-0.86,-0.96,-1.12,1.54,-0.24,0.93,0.1
2019/12/3,-0.09,-0.72,0.72,-0.34,-0.66,-1.01,-0.66,-5.76,1.03,0.31,-1.42
2019/12/4,-1.2,-1.37,-1.03,-1.57,0.63,0.53,0.51,3.5,-0.28,3.02,0.73
2019/12/5,2.7,1.99,3.35,2.46,0.15,0.1,0.14,1.75,0.2,0.46,-0.15
2019/12/6,1.78,0.13,0.17,1.17,0.91,1.22,1.07,1.92,-1.21,0.79,1.34
2019/12/9,-2.24,-2.18,-1.26,-2.07,-0.32,-0.38,-0.41,-1.22,-0.01,-0.63,0.6
2019/12/10,-1.63,-1.37,-2.75,-1.55,-0.11,-0.1,-0.1,1.14,0.22,0.34,0.21
2019/12/11,-0.38,-1.61,-1.07,-0.59,0.29,0.11,0.58,-2.63,0.47,-1.18,0.92
2019/12/12,0,1.06,-0.2,0.74,0.86,0.79,0.77,5.72,-0.18,0.86,0.61
2019/12/13,0.65,-0.05,0.54,0.43,0.01,0.01,0.25,-3.77,0.6,1.33,-0.4
2019/12/16,-3.16,-6.84,-6.47,-4.78,0.71,0.36,0.97,2.19,-0.05,0.54,0.93
2019/12/17,-4.2,-8.07,-9.05,-7.09,0.03,0.11,0.06,0.1,0.01,1.03,-0.34
2019/12/18,10.02,8.89,9.79,8.58,-0.04,-0.1,0.06,2.52,-0.13,-0.19,0.08
2019/12/19,-1.52,-3.39,-1.74,-1.48,0.45,0.49,0.71,0,0.39,0.57,0.92
2019/12/20,0.43,0.22,1.56,1.37,0.49,0.28,0.43,-0.18,-0.24,-0.56,-0.01
2019/12/23,-2.31,-3.11,-3.36,-2.47,0.09,0.34,0.2,0.36,0.53,-0.17,-0.27
2019/12/24,-0.74,-0.02,0.16,0,-0.02,-0.13,0.04,-1.27,1.08,0.81,0.35
2019/12/26,-0.19,0.55,1.14,0.12,0.51,0.37,0.91,-0.64,0.64,1.24,0.09
2019/12/27,0.7,0.38,0.83,1.13,0,0.08,-0.08,-0.92,0.24,-0.11,0.1
2019/12/30,-1.84,-1.91,-1.62,-1.74,-0.58,-0.64,-0.7,0.66,0.03,-0.42,0.12
2019/12/31,-0.9,-1.99,-1.12,-1.06,0.29,0.27,0.27,1.77,0.3,-1.03,-1.06
2020/1/2,-3.23,-2.72,-4.85,-3.49,0.84,1.16,1.59,-2.29,0.47,-0.13,0.46
2020/1/3,5.4,5.56,4.72,5.28,-0.71,-0.81,-0.88,-4.46,1.59,2.78,-0.71
2020/1/6,5.24,6.26,6.31,5.96,0.35,0.24,0.62,2.37,1.06,0.17,0.27
2020/1/7,5.11,-0.73,0.44,1.16,-0.28,-0.42,-0.02,0.1,0.35,-0.73,0.09
2020/1/8,-1.18,-1.56,-3.22,-1.11,0.49,0.56,0.75,3.48,-0.82,-4.06,0.48
2020/1/9,-2.7,-2.05,-0.98,-1.39,0.67,0.74,0.87,-1.03,-0.3,-0.26,-0.04
2020/1/10,4.4,4.99,4.64,5.41,-0.29,-0.46,-0.26,-1.88,0.45,-0.54,0.32
2020/1/13,-0.93,-1.95,-1.05,-0.65,0.7,0.29,1.16,1.54,-0.52,-1.44,0.62
2020/1/14,8.85,15.65,9.77,18.57,-0.15,0.11,-0.41,-1.89,-0.31,0.22,0.14
2020/1/15,-0.12,0.23,5.8,-0.12,0.19,0.31,0.02,-1.45,0.59,-1.02,0.33
2020/1/16,-1.04,-1.26,-3.28,-0.68,0.84,0.92,0.99,1.27,-0.23,0.62,-0.17
2020/1/17,2.13,3.57,6.04,3.24,0.39,0.17,0.53,0.88,0.64,-0.28,-0.02
2020/1/21,1.05,1.52,4.5,1.56,-0.27,-0.52,-0.08,-2.68,-0.15,-0.74,-0.8
2020/1/22,-0.62,-0.76,-1.61,-0.34,0.03,-0.03,0.24,-0.29,-0.08,-2.34,-0.95
2020/1/23,-3.15,-3.17,-4.26,-4.98,0.11,-0.09,0.31,-2.16,0.56,-1.58,-1.69
2020/1/24,0.41,-0.15,0.07,0.24,-0.9,-0.58,-0.82,-2.61,0.42,-2.4,-1.13
2020/1/27,3.01,1.41,1.05,3.72,-1.57,-1.57,-2.07,-0.95,0.35,-2.13,-2.77
2020/1/28,5.76,3.21,2.01,3.76,1.01,0.66,1.55,2.99,-0.5,0.95,-0.63
2020/1/29,-0.84,-1.07,-0.51,0.28,-0.09,0.04,0.12,-4.87,0.01,-0.19,-0.97
2020/1/30,2.24,6.17,3.54,3.43,0.31,0.43,0.38,0.65,0.84,-2.48,-0.67
2020/1/31,-1.66,-2.54,-1.79,-2.32,-1.77,-2.09,-1.58,-5.38,-0.08,-0.94,0.08
2020/2/3,-0.41,0.69,0.27,0.5,0.73,0.51,1.5,0.67,-0.35,-2.99,-1.41
2020/2/4,-1.1,-0.45,-1.57,-0.36,1.5,1.44,2.28,5.05,-1.7,-0.4,1.02
2020/2/5,4.54,7.89,5.94,6.27,1.13,1.68,0.36,2.9,0.47,2.3,1.85
2020/2/6,1.67,4.58,7.11,1.61,0.33,0.3,0.84,-0.32,0.46,0.14,0.36
2020/2/7,0.48,4.86,6.83,1.28,-0.54,-0.94,-0.47,-3.78,0.22,-0.49,-1.52
2020/2/10,-2.93,-2.47,3.57,-1.16,0.73,0.6,1.23,0.22,0.39,-1.77,-0.28
2020/2/11,3.81,6.19,2.15,4.24,0.17,0,0.01,2.53,-0.6,1.08,1.54
2020/2/12,0.86,12.18,2.92,4.38,0.65,0.94,1,2.15,0.1,3.09,0.26
2020/2/13,-0.8,1.19,-3.41,-0.64,-0.16,-0.43,-0.18,-1.09,0.46,0.65,0.78
2020/2/14,0.96,6.14,3.09,3.36,0.18,-0.09,0.29,-1.9,0.48,1.04,-0.99
2020/2/18,4.71,5.46,2.51,4.31,-0.29,-0.56,0.06,-1.19,1.08,0.44,-0.05
2020/2/19,-5.4,-8.2,-7.18,-6.24,0.47,0.4,0.92,0.55,0.51,2.04,-0.13
2020/2/20,-0.07,-0.67,-0.92,-0.66,-0.38,-0.44,-0.94,-3.14,0.54,0.16,-0.7
2020/2/21,0.85,3,0.23,1.42,-1.05,-0.78,-1.88,-3.01,1.75,-1.18,0.19
2020/2/24,-2.82,-3.3,-2.91,-4.42,-3.35,-3.56,-3.89,-6.95,1.69,-3.74,-1.41
2020/2/25,-3.57,-7.04,-8.61,-5.48,-3.03,-3.15,-2.7,-1.1,-1.59,-2.46,0.06
2020/2/26,-5.55,-9.18,-7.32,-8.31,-0.38,-0.46,0.44,-1.48,-0.42,-2.73,-0.15
2020/2/27,0.21,1.44,2.39,1.24,-4.42,-4.42,-4.93,-4.61,-0.04,-2.99,-0.82
2020/2/28,-1.37,-0.26,-1.29,-0.98,-0.82,-1.39,0.3,-8.68,-4.61,-3.77,0.13
2020/3/2,4.27,6.37,5.52,5.17,4.6,5.09,4.92,4.43,1.79,4.21,1.35
2020/3/3,-1.61,-3.42,-1.53,-0.94,-2.81,-2.94,-3.19,-13.27,3.11,0.62,-0.75
2020/3/4,-0.04,0.2,1.78,-0.26,4.22,4.53,4.13,5.65,-0.09,-0.45,0.35
2020/3/5,3.45,1.81,3.9,3.03,-3.39,-3.58,-3.1,-13.13,1.52,-2.12,0.14
2020/3/6,0.82,7.2,2.95,1.81,-1.71,-0.98,-1.63,-15.65,0.31,-8.84,-1.13
2020/3/9,-1.26,1.85,-2.21,-1.26,-7.6,-7.79,-6.83,11.3,0.22,-19.49,-1.04
2020/3/10,-0.53,-1.13,1.74,0.27,4.94,4.89,5.34,43,-0.88,8.32,0.44
2020/3/11,0.56,-2.98,-1.78,-1.94,-4.89,-5.86,-4.37,9.71,-1.04,-2.47,-0.81
2020/3/12,-39.18,-44.55,-44.08,-38.4,-9.51,-9.99,-9.27,-7.45,-3.14,-5.47,-1.84
2020/3/13,15.71,24.18,18.54,13.84,9.29,9.36,10.07,21.03,-4.63,0.21,1.09
2020/3/16,-6.27,-10.72,-9.41,-8.79,-11.98,-12.93,-12.19,8.74,-2.03,-9.68,-2.3
2020/3/17,4.59,4.54,9.15,3.85,6,5.2,6.46,44.37,2.65,-4.01,-2.7
2020/3/18,1.91,1.47,1.12,1.24,-5.18,-6.3,-4,10.73,-3.11,-15.07,-4.23
2020/3/19,15.12,15,18.24,18.08,0.47,0.95,1.58,-2.1,0.11,14.37,0.31
2020/3/20,0.54,-1.56,-2.95,-1.36,-4.34,-4.55,-4.04,-23.58,0.39,-6.58,-0.71
2020/3/23,11.11,11.12,9.24,8.59,-2.93,-3.04,0.18,-3.82,5.69,-0.15,-2.87
2020/3/24,4.26,1.91,1.24,3.88,9.38,11.37,7.81,12.48,5.76,3.05,2.05
2020/3/25,-0.97,-1.84,0,-1.44,1.15,2.39,-1.11,1.28,-1.74,1.81,0.69
2020/3/26,0.69,1.7,7.02,2.38,6.24,6.38,5.72,-2.41,1.59,-4.7,-0.36
2020/3/27,-5.23,-4.8,-6.64,-3.2,-3.37,-4.06,-3.91,-20.25,-0.37,-2.36,0.33
2020/3/30,8.5,5.52,7.62,7.04,3.35,3.19,3.96,9.2,-0.66,-4.51,-0.59
2020/3/31,0.34,0.54,3.21,0.53,-1.6,-1.84,-0.96,-8.05,-2.84,0.05,2.28
2020/4/1,3.52,2.1,1.31,1.57,-4.41,-4.44,-4.19,-9.88,-0.33,-4.18,-2.37
2020/4/2,2.44,4.16,2.45,2.45,2.28,2.24,2,1.53,2.91,15.9,0.99
2020/4/3,-0.95,-0.11,2.57,0.42,-1.51,-1.69,-1.41,-1.91,0.49,10.44,-0.95
2020/4/6,8.26,19.97,10.97,9.74,7.03,7.73,7.35,10.46,2.93,-3.26,0.61
2020/4/7,-2.01,-3.71,-2.89,-1.34,-0.16,-0.12,-0.4,7.19,-0.6,-1.79,2.1
2020/4/8,2.45,5.03,2.34,4.46,3.41,3.44,2.24,6.08,0.04,4.66,-0.54
2020/4/9,-0.98,-1.92,-0.55,-0.03,1.45,1.22,0.11,-5.45,4.07,-1.54,0.42
2020/4/13,-1.1,-1.48,5.26,-2.07,-1.01,-1.39,1.14,6.11,0.49,3.89,0.28
2020/4/14,0.14,1.33,3.72,0.05,3.06,2.39,4.31,-2.51,0.43,-1.81,1.97
2020/4/15,-3.24,-3.5,-6.59,-2.89,-2.2,-1.86,-1.15,-15.41,-1.62,-5.04,-0.55
2020/4/16,6.89,12.69,7.26,7.65,0.58,0.14,1.93,-2.76,-0.49,0,0.3
2020/4/17,-0.7,-0.97,0,-0.01,2.68,2.99,0.85,3.95,-1.9,-0.22,1.1
2020/4/20,-4.06,-5.4,-6.84,-4.46,-1.79,-2.44,-1.2,-4.2,0.73,-9.75,-0.01
2020/4/21,0.13,0.23,0.92,0.2,-3.07,-2.67,-3.71,-8.18,-1.37,-26.01,-2.35
2020/4/22,3.95,6.99,3.94,4.04,2.29,1.99,3.11,9.12,2.99,8.83,1.1
2020/4/23,5.28,1.5,2.03,3.04,-0.05,0.17,-0.27,-2.33,0.41,6.58,0.14
2020/4/24,0.2,1.14,-0.63,2.45,1.39,1.11,1.68,0.4,-0.56,-0.44,0.05
2020/4/27,1.13,-0.61,0.76,0.42,1.47,1.51,0.58,9.61,-0.68,-11.23,0.56
2020/4/28,-0.25,0.21,-0.99,1.31,-0.52,-0.13,-1.81,-7.17,-0.09,11.19,0.39
2020/4/29,13.22,9.59,6.8,8.24,2.66,2.21,3.52,2.01,-0.51,6.22,0.56
2020/4/30,-1.62,-4.26,-2.47,-3.82,-0.92,-1.17,0.2,2.72,-1.12,9.92,-1.05
2020/5/1,2.23,2.8,2.56,2.78,-2.81,-2.55,-3.14,-4.26,0.4,-0.59,-1.32
2020/5/4,-0.12,-1.53,-0.48,-0.45,0.42,0.11,1.33,2.01,0.73,2.66,-0.23
2020/5/5,1.42,-0.61,-0.97,-0.3,0.9,0.56,1.09,4.98,-0.16,13.41,0.67
2020/5/6,1.67,-3.08,-2.89,0.22,-0.7,-0.91,0.61,7.18,-1.29,-4.43,1.01
2020/5/7,9.05,6.51,3.82,4.1,1.15,0.89,1.3,-9.88,2.33,0.33,1.13
2020/5/8,-1.74,-0.26,0.85,1.09,1.69,1.91,1.3,7.1,-0.51,5.3,0.1
2020/5/11,-1.82,-0.97,-1.03,-1.64,0.02,-0.45,0.85,2.04,-0.76,-2.43,0.26
2020/5/12,2.73,2.09,4.21,2.55,-2.05,-1.89,-2.01,-5.66,0.54,1.51,-0.61
2020/5/13,5.5,5.13,2.25,3.26,-1.75,-2.17,-1.23,-1.89,0.68,-1.9,-0.63
2020/5/14,5.16,1.86,1.68,2.27,1.15,1.62,1.05,-5.69,1.46,5.75,-0.48
2020/5/15,-4.71,-4.15,-4.1,-2.74,0.39,0.25,0.64,4.46,0.91,3.88,-0.62
2020/5/18,0.55,3.8,2.13,1.96,3.15,3.85,1.96,12.9,-1.2,7.42,2.86
2020/5/19,0.44,-0.17,3.43,0,-1.05,-1.59,-0.36,-4.71,0.64,-0.16,0.59
2020/5/20,-2.67,-2.11,-1.78,-1.13,1.67,1.52,2.01,-0.23,0.44,2.92,1.43
2020/5/21,-4.76,-5.35,-4.79,-4.37,-0.78,-0.41,-1.13,-1.42,-1.63,0.52,-0.79
2020/5/22,1.22,4.33,3.16,2.98,0.24,-0.04,0.38,-3.34,0.96,-1.73,-1.65
2020/5/26,-0.63,-1.53,-0.99,-1.06,1.23,2.17,-0.26,5.43,-1.44,2.87,1
2020/5/27,4.03,3.57,1.51,2.71,1.48,2.21,0.55,0,-0.08,-3.79,-1.62
2020/5/28,4.06,5.77,3.75,3.42,-0.21,-0.58,-0.27,0.24,0.09,0.98,1.07
2020/5/29,-1.54,0.21,-0.44,0.14,0.48,-0.07,1.47,-6.32,1.35,4.61,1.08
2020/6/1,7.77,6.97,4.75,6.2,0.38,0.36,0.45,4.07,-0.08,0.16,1.31
2020/6/2,-6.49,-4.05,-3.56,-3.84,0.82,1.05,0.61,2.92,-0.93,3.78,0.85
2020/6/3,1.47,2.77,1.58,2.4,1.36,2.05,0.49,8.59,-1.68,0.59,0.24
2020/6/4,1.32,-0.47,-0.22,1.14,-0.34,0.05,-0.77,10.63,1.33,0.44,0.14
2020/6/5,-1.67,-1.29,1.01,-0.73,2.62,3.15,2.02,8.29,-2.57,5.74,2.16
2020/6/8,0.36,0.66,0.07,0,1.2,1.7,0.79,-2.41,1.31,-2.58,0.27
2020/6/9,-0.09,-0.96,-0.33,0.3,-0.78,-1.09,0.66,-6.24,0.99,1.47,0.47
2020/6/10,1.13,1.62,0.13,0.38,-0.53,-1.04,1.28,-10.62,-0.07,1.43,1.61
2020/6/11,-6.03,-6.89,-6.7,-7.17,-5.89,-6.9,-5.01,-9.58,1.11,-6.62,-1.97
2020/6/12,1.97,2.96,2.54,2.27,1.31,1.9,0.79,6.65,-0.14,-0.17,-0.15
2020/6/15,0.86,-0.47,-1.12,-0.37,0.83,0.62,1.17,1.39,-0.58,1.93,-0.75
2020/6/16,1.04,1.92,0.31,0.8,1.9,2.04,1.76,2.97,0.54,2.83,0.8
2020/6/17,-0.62,-0.63,-0.19,0.33,-0.36,-0.65,0.33,-1.11,-0.05,-0.49,0.64
2020/6/18,-0.81,-1.09,-1.47,-0.8,0.06,-0.15,0.3,-3.59,-0.26,1.77,0.53
2020/6/19,-0.79,-0.97,-1.1,-1.7,-0.56,-0.8,-0.03,-1.85,1.27,1.74,0.22
2020/6/22,4.17,6.63,3.33,3.74,0.65,0.59,1.22,2.38,0.76,1.67,0.4
2020/6/23,-0.61,-0.02,-0.68,0.75,0.43,0.5,0.78,0.69,0.88,-0.73,-0.23
2020/6/24,-3.35,-3.47,-2.37,-3.16,-2.59,-2.72,-2.03,-5.05,-0.39,-5.38,-0.68
2020/6/25,-0.59,-0.93,-0.58,-0.48,1.1,1.18,0.99,0.49,-0.25,0.64,0.26
2020/6/26,-0.95,-1.24,-0.89,-1.04,-2.42,-2.84,-2.5,-6.24,0.55,-0.92,0.99
2020/6/29,0.67,1.24,0.45,1.26,1.47,2.32,1.14,-0.78,0.05,3.25,0.42
2020/6/30,-0.54,-0.99,-0.38,-0.77,1.54,0.85,1.96,4.96,1.08,-0.42,0.49
2020/7/1,1.03,2.36,2.66,1.48,0.5,-0.3,1.21,2.75,-1.14,1.03,0.32
2020/7/2,-1.57,-1.96,-2.88,-0.73,0.45,0.36,0.61,-0.96,0.57,2.47,0.27
2020/7/6,2.84,5.96,5.13,5.66,1.59,1.78,2.53,0.24,0.2,0.55,1.12
2020/7/7,-0.89,-0.95,3.06,0.23,-1.08,-1.51,-0.75,-5.58,0.91,0.33,0.68
2020/7/8,1.88,3.24,2.76,4.76,0.78,0.68,1.36,4.11,0.92,0.26,1.17
2020/7/9,-2.06,-2.01,-2.47,-1.43,-0.56,-1.39,0.82,-7.88,-0.6,-2.3,0.56
2020/7/10,0.53,-0.32,2.76,-0.99,1.05,1.44,0.76,4.81,0.21,2.1,1.76
2020/7/13,-0.62,-1.24,0.62,-0.82,-0.94,0.04,-2.16,-3.83,1,-1.08,1.9
2020/7/14,0.11,0.32,-1.77,0.92,1.34,2.13,0.82,1.07,0.2,0.25,-1.14
2020/7/15,-0.59,-0.78,-2.55,0.1,0.91,0.85,0.11,1.31,0.01,1.84,-0.96
2020/7/16,-0.69,-2.08,-2.73,-1.6,-0.34,-0.5,-0.7,-2.34,-0.82,-1.22,0.34
2020/7/17,0.22,-0.39,-0.43,0.29,0.28,-0.23,0.18,0.79,0.39,-0.53,-0.56
2020/7/20,-0.5,-1.22,-3,-2.26,0.84,0.03,2.88,-1.57,0.35,0.11,0.5
2020/7/21,2.46,3.99,1.44,2.92,0.17,0.6,-1.09,-1.34,1.6,2.76,1.34
2020/7/22,1.35,7.23,2.15,2.51,0.57,0.62,0.35,-0.81,1.23,-0.21,-1
2020/7/23,0.9,4.58,3.63,1.12,-1.23,-1.31,-2.67,-3.83,1.31,-1.15,1.18
2020/7/24,-0.55,1.45,2.28,-1.12,-0.62,-0.68,-0.92,1.7,0.41,0.48,-1.19
2020/7/27,10.98,3.43,1.23,3.83,0.74,0.43,1.82,3.59,1.57,-0.14,0.34
2020/7/28,-1.04,-1.5,1.87,1.24,-0.65,-0.77,-1.33,-5.87,0.43,-0.49,0.68
2020/7/29,1.81,0.27,-1.61,0.58,1.24,0.61,1.24,-0.29,0.65,0.91,0.48
2020/7/30,-0.09,5.36,0.69,1.5,-0.38,-0.85,0.49,-5.66,-0.5,-3.03,-0.53
2020/7/31,2.14,3.48,3.44,2.29,0.77,0.44,1.78,-2.11,0.97,0.41,-0.13
2020/8/3,1.42,3.69,5.07,3.52,0.72,0.89,1.37,3.98,0.02,2.98,1.22
2020/8/4,-0.35,0.99,1.07,0.53,0.36,0.62,0.38,-7.67,1.75,1.36,0.17
2020/8/5,4.92,2.87,4.39,2.55,0.64,1.39,0.26,7.35,1.4,1.38,1.1
2020/8/6,0.19,-1.49,-2.3,0.72,0.64,0.68,1.27,-2.09,0.98,-0.7,0.11
2020/8/7,-1.4,-3.86,-1.8,-2.16,0.06,0.17,-1.13,5.17,-2,-1.07,-1.77
2020/8/10,1.78,1.36,0.84,2.05,0.27,1.3,-0.49,2.62,0.58,1.09,0.88
2020/8/11,-4.19,-4.18,-6.01,-4.64,-0.8,-0.38,-1.89,10.8,-4.58,-0.27,0.3
2020/8/12,1.46,2.14,1.1,3.97,1.4,1.05,2.59,4.65,0.14,2.08,0.27
2020/8/13,1.85,9.61,1.28,2.96,-0.2,-0.29,0.19,6.6,1.1,-0.59,-1.92
2020/8/14,-0.17,3.23,6.13,0.12,-0.02,0.12,-0.12,-1.13,-1.05,0.39,0.88
2020/8/17,3.22,-0.71,0,0.68,0.27,-0.31,1.11,-2.96,2.51,1.3,1.39
2020/8/18,-2.73,-1.95,-2.1,-2.5,0.23,-0.24,0.98,-3.05,0.72,0.58,1.42
2020/8/19,-1.65,-3.49,-2.85,-3.77,-0.44,-0.31,-0.71,2.18,-2.13,-0.17,1.5
2020/8/20,0.91,2.11,3.2,2.87,0.32,0.17,1.4,-4.74,-1.21,-0.9,-0.92
2020/8/21,-2.76,-6.75,-4.36,-5.22,0.34,0.69,0.68,-2.48,0.03,-1.04,-1.38
2020/8/24,0.96,4.4,3.49,1.52,1,1.35,0.61,3.59,-0.4,1.59,0.37
2020/8/25,-3.65,-6.01,-5.36,-4.9,0.36,-0.21,0.82,5.21,-0.83,1.26,0.43
2020/8/26,1.21,0.72,3.76,0.92,1.02,0.3,2.13,0,1.53,-0.38,0.56
2020/8/27,-1.18,-0.74,4.09,-2.78,0.17,0.57,-0.38,9.5,-1.02,-0.78,0.35
2020/8/28,1.77,3.13,-0.16,3.11,0.67,0.57,0.58,-3.9,2.19,0.17,0.89
2020/8/31,-0.49,1.18,-2.09,-0.11,-0.22,-0.78,0.96,-2.48,0.19,-1.16,0.16
2020/9/1,2.32,9.65,6.87,4.39,0.75,0.76,1.5,-4.86,0.02,0.16,0.49
2020/9/2,-4.21,-7.72,-0.08,-6.07,1.54,1.59,1.04,-3.63,-1.73,-2.63,-0.41
2020/9/3,-10.9,-13.01,-17.69,-12.89,-3.51,-2.78,-5.23,-1.74,-0.35,-0.9,-1.59
2020/9/4,2.99,1.04,3.05,2.7,-0.81,-0.56,-1.27,13.34,-0.18,-2.3,1.34
2020/9/8,-2.41,-4.15,3.52,-1.99,-2.78,-2.25,-4.77,-5.24,0.46,-6.63,-1.16
2020/9/9,0.97,4.04,5.38,1.83,2.01,1.6,2.96,2.4,0.6,3.09,0.48
2020/9/10,1.13,4.79,0.18,1.73,-1.76,-1.45,-2.12,-2.33,0.48,-1.38,-0.63
2020/9/11,0.49,1.58,3.55,1.22,0.05,0.48,-0.6,-1.92,-0.83,0.24,0.97
2020/9/14,3.38,3.01,-0.18,2.09,1.27,1.18,1.72,0.73,0.81,0.3,1.01
2020/9/15,1.03,-3.37,-12.83,-2.27,0.52,0.01,1.43,0.73,0.13,1.91,-0.36
2020/9/16,1.52,0.24,2.64,0.34,-0.46,0.13,-1.67,2.65,0.22,3.38,0.32
2020/9/17,-0.07,6.6,-2.76,1.86,-0.84,-0.47,-1.48,-1.4,-1.05,2.02,-0.22
2020/9/18,-0.08,-1.23,2.26,-0.59,-1.12,-0.88,-1.3,1.21,0.63,0.2,0.51
2020/9/21,-4.62,-8.03,-12.64,-6.87,-1.16,-1.84,0.4,-4,-2.62,-3.71,-1.94
2020/9/22,1.1,0.8,4.35,1.66,1.05,0.52,1.88,0.25,-0.16,-0.06,0.67
2020/9/23,-2.79,-7,-5.1,-4.61,-2.37,-1.92,-3.16,0.97,-2.05,1.03,-2.06
2020/9/24,4.9,9.13,7.74,6.54,0.3,0.2,0.58,-1.45,0.45,0.87,-1.12
2020/9/25,-0.47,0.7,0.44,1.56,1.6,1.34,2.34,-1.71,-0.56,-0.13,0.2
2020/9/28,-0.77,-0.88,2.87,-0.69,1.61,1.51,1.91,0,0.86,0.96,1.07
2020/9/29,1.38,1.63,6.76,1.48,-0.48,-0.48,-0.37,-0.99,1.11,-3.47,0.07
2020/9/30,-0.6,-0.13,1.79,0.09,0.83,1.2,0.84,5.3,-0.4,1.74,0.39
2020/10/1,-1.44,-1.76,-6.28,-1.65,0.53,0.13,1.45,-0.96,1.1,-3.1,-3.32
2020/10/2,-0.45,-2.09,-0.66,-2.2,-0.96,-0.48,-2.83,3.64,-0.45,-3.69,1.82
2020/10/5,1.09,0.16,-1.46,0.59,1.8,1.68,2.25,10.33,0.66,5.58,0.01
2020/10/6,-1.73,-3.59,-3.12,-3.37,-1.4,-1.34,-1.89,-5.76,-0.59,3.03,0.08
2020/10/7,0.64,0.26,0,0.9,1.74,1.91,1.88,6.8,-0.94,-1.03,1.53
2020/10/8,2.37,2.74,0,2.02,0.8,0.43,0.42,-0.64,0.23,3.29,0.42
2020/10/9,1.19,4.12,2.49,2.58,0.88,0.57,1.51,0,1.64,-0.25,1.95
2020/10/12,1.43,3.34,7.71,1.49,1.64,0.88,3.09,-1.93,0.14,-1.86,0.03
2020/10/13,-0.95,-1.41,0,-0.92,-0.63,-0.55,-0.04,-4.56,-1.78,1.72,-0.63
2020/10/14,-0.03,-0.55,0.39,-0.95,-0.66,-0.58,-0.81,-0.23,0.67,1.47,0.25
2020/10/15,0.72,-0.45,1.52,-0.35,-0.15,-0.07,-0.72,1.61,0.08,-0.16,0.38
2020/10/16,-1.57,-3.25,-4.13,-3.08,0.01,0.39,-0.39,1.35,-0.13,-0.29,0.23
2020/10/19,2.14,0.37,-2.44,0.4,-1.63,-1.44,-1.84,1.54,0.28,-0.43,0.42
2020/10/20,1.36,-2.86,-3.74,-2.33,0.47,0.4,0.37,1.74,0.19,1.04,1.2
2020/10/21,7.51,6.2,3.28,5.6,-0.22,-0.35,-0.11,4.48,0.74,-2.91,1.07
2020/10/22,1.3,5.84,3.05,2.7,0.52,0.54,-0.02,4.92,-1.29,1.26,-0.53
2020/10/23,-0.31,-1.33,-0.03,-0.25,0.34,-0.1,0.25,-2.32,0.03,-1.7,-0.68
2020/10/26,0.23,-2.95,2.96,-1.24,-1.86,-2.29,-1.61,-4.59,0.03,-2.65,-0.98
2020/10/27,4.56,2.29,1.48,1.1,-0.3,-0.8,0.82,-3.96,0.33,2.39,0.26
2020/10/28,-2.77,-3.72,-3.71,-2.57,-3.53,-3.43,-3.93,0.44,-1.71,-4.59,-0.69
2020/10/29,1.34,-0.35,-1.55,-0.93,1.19,0.52,1.87,7.37,-0.6,-2.88,-0.17
2020/10/30,0.76,-1.13,-4.6,-0.74,-1.21,-0.59,-2.62,5.09,0.64,-0.41,0.03
2020/11/2,-1.44,-3.22,-2.5,0,1.23,1.6,0.29,-0.78,0.67,1.83,0.59
2020/11/3,3.38,1.14,-3.33,-2.98,1.78,2.06,1.76,5.18,0.95,1.28,1.11
2020/11/4,0.9,3.68,0.26,0.48,2.2,1.34,4.41,-13.91,-0.74,3.35,0.37
2020/11/5,10.19,3.59,2.77,5.61,1.95,1.95,2.56,-0.65,2.67,-0.92,0.2
2020/11/6,-0.06,9.38,4.94,5.08,-0.03,-0.24,0.11,7.02,0.33,-3.14,0.68
2020/11/9,-1.01,-2.28,-1.05,-1.52,1.17,2.95,-2.16,11.22,-4.93,7.11,0.05
2020/11/10,-0.15,1.33,0.38,0.71,-0.14,0.9,-1.74,3.9,1.26,2.92,0.42
2020/11/11,2.56,2.91,-0.72,1.04,0.77,-0.08,2.31,1.81,-0.72,0.68,-0.21
2020/11/12,3.82,-0.17,-1.02,0.7,-1,-1.08,-0.55,-9.59,0.72,-0.75,0.52
2020/11/13,0.18,2.97,1.75,2.28,1.36,1.37,0.94,1.66,0.68,-2.07,0.39
2020/11/16,4.78,2.72,1.08,3.93,1.16,1.6,0.63,1.1,0.06,1.63,1.36
2020/11/17,5.66,4.67,2.12,5.2,-0.48,-0.56,-0.3,-5.4,-0.15,0.02,0.11
2020/11/18,0.64,-0.71,-1.7,-0.64,-1.16,-1.16,-0.69,0.95,-0.64,1.12,0.6
2020/11/19,0.16,-1.53,0.1,0.26,0.39,0.15,0.76,-3.2,-0.65,-0.56,0.15
2020/11/20,4.9,8.23,3.05,4.89,-0.68,-0.75,-0.66,-2.14,0.61,1.29,1.82
2020/11/23,-0.18,8.91,3.14,8.56,0.56,1.12,0,4.16,-1.82,1.94,-1.35
2020/11/24,4.21,-0.69,9.46,6.13,1.62,1.54,1.46,3.05,-1.8,4.06,1.29
2020/11/25,-2.24,-5.84,-7.74,-4.61,-0.16,-0.58,0.6,-0.36,0.02,1.59,-0.23
2020/11/27,-0.2,-0.23,0.78,1.23,0.24,0.13,0.87,-1.91,-1.28,-0.61,2.33
2020/11/30,8.32,7.03,4.67,5.3,-0.46,-0.91,0.08,-0.19,-0.4,-0.63,0.59
2020/12/1,-4.71,-4.91,-4.08,-5.22,1.13,0.63,1.52,10.34,2.13,-1.25,1.03
2020/12/2,2.39,2.12,0.3,2.68,0.18,0.2,0.01,0.89,0.62,1.24,-0.56
2020/12/3,1.12,3.06,1.33,1.43,-0.06,0.29,0.09,-2.82,0.6,0.34,-0.29
2020/12/4,-3.99,-7.85,-5.44,-5.88,0.88,0.83,0.49,6.73,-0.06,1.16,0.97
2020/12/7,-1.08,-1.76,-0.66,-1.18,-0.19,-0.49,0.54,-4.6,1.41,-1.06,-0.36
2020/12/8,-4.4,-6.1,-5.76,-5.66,0.28,0.35,0.31,-0.71,0.48,-0.03,-0.22
2020/12/9,1.2,3.27,1.67,1.96,-0.79,-0.35,-2.15,1.79,-1.94,0.07,1.15
2020/12/10,-1.61,-2.63,-1.71,-2.37,-0.13,-0.23,0.3,-3.35,-0.06,3.06,1.75
2020/12/11,-1.23,-2.5,-1.19,-1.94,-0.13,0.16,-0.21,-1.09,0.34,-0.34,-1.52
2020/12/14,0.51,-0.83,3.05,-0.06,-0.44,-0.62,0.7,-1.28,-0.62,0.87,0.44
2020/12/15,0.84,0.46,-1.71,0.16,1.29,1.13,1.07,1.47,1.27,1.09,-0.03
2020/12/16,9.87,8.23,3.54,8.56,0.18,-0.15,0.57,0.91,0.2,0.54,0.34
2020/12/17,6.9,0.91,-1.09,2.54,0.58,0.49,0.66,1.63,1.68,1,0.9
2020/12/18,1.33,1.66,2.43,1.62,-0.35,-0.41,-0.11,1.07,-0.08,1.35,0.54
2020/12/21,-3.18,-4.77,-6.18,-4.62,-0.39,0.12,-0.38,0,-0.32,-2.44,-1.72
2020/12/22,4.82,4.87,4.24,2.35,-0.21,-0.67,0.22,-1.77,-0.66,-1.17,-1.67
2020/12/23,-2.37,-8.12,-6.94,-9.97,0.07,0.38,-0.51,2.53,0.42,1.62,1.17
2020/12/24,2.06,4.55,4.22,6.97,0.35,0.23,0.46,-1.93,0.27,-0.22,0.17
2020/12/28,3.03,6.78,6.72,0,0.87,0.68,1.01,-1.59,-0.15,-1.37,0.03
2020/12/29,1.18,0.23,8.8,4.76,-0.22,-0.22,0.04,1.8,0.13,0.97,-0.48
2020/12/30,5.45,2.74,-2.56,1.38,0.13,0.24,0.01,-1.42,0.56,0.64,0.03
2020/12/31,0.28,-2.11,-2.01,-1.42,0.64,0.65,0.33,-1.07,0.09,0.47,-1.01
2021/1/4,-2.84,6.92,-0.29,0.53,-1.48,-1.25,-1.5,-1.25,2.72,-1.34,1.96
2021/1/5,6.15,5.48,1.68,4.9,0.71,0.55,0.85,4,0.4,4.69,1.44
2021/1/6,8.24,9.85,0.95,11.18,0.57,1.44,-1.4,8.8,-2.34,1.21,0.42
2021/1/7,7.25,1.37,3.45,2.09,1.48,0.69,2.51,4.07,0.26,0.35,1.08
2021/1/8,2.89,-0.7,-3.01,0.24,0.55,0.18,1.28,3.47,-4.04,2.49,-1.15
2021/1/11,-6.93,-13.1,-9.84,-10.85,-0.66,-0.29,-1.55,2.29,0.88,-0.13,-2.42
2021/1/12,-4.13,-3.78,0,-2.7,0.04,0.19,-0.08,-1.33,-0.32,1.68,1.4
2021/1/13,9.7,7.45,4.89,9.46,0.23,-0.03,0.63,-3.31,0.62,-0.55,0.22
2021/1/14,4.8,8.66,4.39,4.54,-0.38,-0.22,-0.58,3.44,-0.14,0.61,0.56
2021/1/15,-5.95,-4.44,-2.31,-3.47,-0.72,-0.57,-0.73,-3.75,-1.17,-1.75,-1.37
2021/1/19,-1.67,9.06,-6.02,0.19,0.81,0.38,1.5,-0.77,0.56,0.54,-0.05
2021/1/20,-1.46,0.4,-0.13,0.17,1.39,0.83,2.31,-1.39,1.42,0.37,0.9
2021/1/21,-13.06,-18.89,-9.14,-14.01,0.03,-0.04,0.82,3.01,-0.05,-0.3,0.1
2021/1/22,7,10.49,5.66,7.72,-0.3,-0.57,-0.29,-2.14,-0.5,-1.38,-0.23
2021/1/25,0.03,-5.21,-0.11,-2.03,0.36,-0.12,0.87,-5.73,-0.05,1.16,-0.01
2021/1/26,0.77,3.67,-0.1,0.99,-0.15,-0.07,0.05,0,-0.23,0.1,-0.06
2021/1/27,-6.46,-8.68,-1.8,-6.79,-2.57,-2.05,-2.8,-1.97,-0.32,0.44,-1.92
2021/1/28,9.77,6.48,3.63,4.16,0.98,0.99,0.68,3.85,-0.42,-0.83,0.18
2021/1/29,2.78,3.83,0.93,5.69,-1.93,-2.03,-2.09,1.8,0.49,-0.57,-0.4
2021/2/1,1.23,4.62,16.13,2.65,1.61,0.76,2.5,0.79,0.74,3.03,-0.33
2021/2/2,5.88,10.04,-0.82,4.41,1.39,1.57,1.56,1.44,-1.64,2.02,-0.31
2021/2/3,6.09,10.12,2.24,5.96,0.1,0.12,-0.4,4.07,0.09,1.36,0.72
2021/2/4,-1.77,-4.23,6.76,-1.73,1.09,1.08,1.18,-0.29,-2.39,0.96,0.15
2021/2/5,3.56,7.85,21.74,7.36,0.39,0.3,0.32,2.9,1.22,0.82,1.42
2021/2/8,19.41,8.5,16.53,11.05,0.74,0.76,0.67,0.15,1.17,1.83,0.95
2021/2/9,0.24,1.17,35,5.56,-0.11,-0.03,-0.06,-1.32,0.18,0.53,1.33
2021/2/10,-3.6,-1.61,19.62,2.41,-0.03,0.2,-0.23,-3.1,0.28,0.66,1.52
2021/2/11,7.04,2.54,-3.64,5.06,0.17,-0.02,0.58,3.61,-0.86,-0.62,0.23
2021/2/12,-1.29,3.06,10.07,4.96,0.47,0.09,0.53,3.87,-0.2,1.78,0.61
2021/2/16,2.57,0.16,0.08,1.03,-0.06,0.2,-0.25,4.85,-1.33,1.72,0.53
2021/2/17,5.92,3.72,27.13,6.12,-0.03,0.29,-0.54,-2.18,-1.46,1.51,0.08
2021/2/18,-0.95,4.66,18.36,2.17,-0.44,-0.38,-0.45,1.19,0.12,-0.68,1.66
2021/2/19,8.38,1.11,69.99,11.52,-0.19,0,-0.42,3.27,0.14,-1.36,2.59
2021/2/22,-5.78,-8.08,-8.97,-4.86,-0.77,0.09,-2.63,0.51,1.74,2.91,1.37
2021/2/23,-9.61,-11.21,-13.35,-12.72,0.13,0.05,-0.22,-1.86,-0.14,0.02,0.05
2021/2/24,1.61,2.89,9.73,3.35,1.14,1.35,0.81,2.16,-0.44,2.06,1.33
2021/2/25,-5.57,-9.09,-8.09,-6.14,-2.45,-1.75,-3.56,11.52,-1.25,0.13,0.75
2021/2/26,-1.24,-2.08,-4.97,-0.05,-0.48,-1.5,0.63,-8.08,-2.62,-2.52,-3.66
2021/3/1,9.81,10.66,21.27,8.95,2.38,1.95,2.89,2.21,-0.34,-1.08,-0.12
2021/3/2,-2.36,-5.18,-5.99,-1.53,-0.81,-0.46,-1.68,-1.92,0.62,-1.1,1.86
2021/3/3,4.07,5.54,0.58,4,-1.31,-0.39,-2.88,6.15,-1.03,1.81,-1.76
2021/3/4,-3.9,-2.06,-4.63,-2.96,-1.34,-1.11,-1.73,4.91,-0.88,3.39,-2.8
2021/3/5,0.75,-0.54,-1.77,-0.49,1.95,1.85,1.64,1.25,-0.09,3.04,0.76
2021/3/8,2.61,5.98,0.24,2.64,-0.54,0.97,-2.92,0.23,-1.18,-1.44,0.42
2021/3/9,4.91,2.05,21.78,5,1.42,0.1,4.03,-4.67,2.35,-1.09,-1.45
2021/3/10,1.77,-4.01,-5.07,-1.54,0.6,1.46,-0.33,-0.45,0.31,0.51,0.32
2021/3/11,3.49,1.76,4.29,1.62,1.04,0.58,2.36,0.92,0.07,2.14,1.7
2021/3/12,-0.92,-3.23,-9.19,-2.69,0.1,0.9,-0.89,5.83,-0.16,-0.42,-0.14
2021/3/15,-5.62,-3.07,-3.79,-3.63,0.65,0.53,1.12,-1.81,0.55,-0.91,1.1
2021/3/16,1.97,0.7,1.6,2.96,-0.16,-0.39,0.53,0.88,0.08,-0.49,-1.46
2021/3/17,3.56,1.03,4.48,4.51,0.29,0.58,0.38,1.53,-0.23,-0.75,0.85
2021/3/18,-2.13,-2.59,-3.25,-1.73,-1.48,-0.46,-3.13,3.66,0.31,-6.04,-0.37
2021/3/19,0.75,1.89,0.79,2.05,-0.06,-0.71,0.61,1.38,0.54,1.76,0.97
2021/3/22,-5.62,-5.68,-3.67,-3.6,0.7,0.32,1.71,-0.71,-0.2,0.46,0.62
2021/3/23,0.54,-0.86,0.16,1.02,-0.76,-0.94,-0.53,-4.27,-0.74,-5.13,-1.62
2021/3/24,-3.91,-5.13,-2.68,-5.16,-0.55,-0.01,-1.68,-0.53,0.46,4.84,0.12
2021/3/25,-1.92,0.26,-5.77,-0.23,0.52,0.62,-0.14,1.21,-0.47,-3.56,-1.42
2021/3/26,7.24,7.06,8.85,7.59,1.66,1.39,1.55,2.51,0.43,3.72,2.08
2021/3/29,3.32,7.7,2.32,3.67,-0.09,0.3,-0.1,2.67,-1.16,0.73,-0.94
2021/3/30,2,1.34,13.19,2.17,-0.32,-0.31,-0.53,-0.41,-1.67,-1.15,-1.15
2021/3/31,-0.01,4.18,-2.96,2.67,0.36,-0.26,1.51,1.99,1.76,-1.85,0.04
2021/4/1,-0.08,2.61,10.64,0.35,1.18,0.52,1.82,-4.04,0.75,2.93,0
2021/4/5,1.36,1.47,5.16,3.83,1.44,1.13,2.02,0.12,0.02,-3.84,0.46
2021/4/6,-1.69,0.24,9.6,1.93,-0.1,-0.29,-0.14,-2.91,0.82,0.76,2.03
2021/4/7,-3.53,-7.11,-6.76,-7.41,0.15,0.05,0.28,1.29,-0.08,0.51,-0.79
2021/4/8,3.8,6.04,11.25,6.37,0.42,0.17,1.04,-3.16,0.95,0.08,0.95
2021/4/9,0.07,-0.62,8.57,-0.02,0.77,0.89,0.63,2.2,-0.76,-0.21,-0.93
2021/4/12,-0.19,-0.63,13.91,1,-0.02,-0.16,-0.19,-0.31,-0.69,0.68,-1.04
2021/4/13,6.14,7.58,-8.1,6.98,0.33,-0.2,1.21,-2.97,0.86,0.76,0.7
2021/4/14,-0.88,5.72,-0.09,3.09,-0.41,0.16,-1.31,0.88,-0.65,4.13,1.7
2021/4/15,0.37,3.4,-1.33,3.7,1.11,0.9,1.61,-3.67,1.76,0.53,1.53
2021/4/16,-2.9,-3.62,-6.19,4.4,0.36,0.48,0.11,1.03,0.76,-0.22,-0.64
2021/4/19,-1,-3.42,4.68,-1.1,-0.53,-0.36,-0.96,2.02,-0.54,0.38,0.85
2021/4/20,1.5,7.94,16.57,1.79,-0.68,-0.75,-0.71,-2.73,0.44,-1.06,-0.74
2021/4/21,-4.71,1.23,-7.52,-4.05,0.93,0.93,0.91,-0.45,0.83,-1.66,1.32
2021/4/22,-3.88,1.71,-6.9,-5.74,-0.92,-0.94,-1.24,-1.12,-0.62,0.27,-0.19
2021/4/23,-1.13,-1.41,4.1,-0.82,1.09,0.67,1.3,1.16,-0.24,0.9,1.2
2021/4/26,10.33,9.35,6.14,11.72,0.18,-0.18,0.61,0.35,0.13,-0.22,1.95
2021/4/27,1.88,5.22,6.27,3.63,-0.02,0.01,-0.47,3.62,-0.07,1.52,0.72
2021/4/28,-0.35,3.05,-1.11,1.43,-0.08,-0.48,-0.42,-0.87,-0.28,1.53,0.44
2021/4/29,-2.34,0.39,6.74,-1.11,0.68,0.71,0.49,1.89,-0.32,1.36,0.07
2021/4/30,7.77,0.56,3.82,6.17,-0.72,-0.54,-0.78,-0.95,-0.03,-1.76,-0.09
2021/5/3,1,16.24,8.78,4.91,0.27,0.7,-0.44,-1.63,1.36,1.37,0.17
2021/5/4,-6,-4.16,-8.37,-5.11,-0.67,0.06,-1.85,-0.55,-0.88,1.76,1.05
2021/5/5,6.88,7.18,5.01,12.58,0.07,0.29,-0.3,-1.21,0.47,0.06,0
2021/5/6,-1.8,-0.94,-2.72,0.03,0.82,0.93,0.82,-0.11,1.76,-1.25,1.31
2021/5/7,1.65,-0.24,-1.46,0.7,0.74,0.66,0.78,0.59,0.88,0.4,2.52
2021/5/10,-4.1,0.65,-4.53,-6.83,-1.04,-0.1,-2.63,1.24,0.37,0.04,-0.64
2021/5/11,1.52,5.57,6.42,6.86,-0.87,-1.36,-0.06,1.12,-0.06,0.57,0.54
2021/5/12,-12.9,-8.54,-12.89,-14.28,-2.14,-1.99,-2.62,4.42,-0.7,1.21,-0.77
2021/5/13,0.65,-2.42,-2.36,5.28,1.22,1.29,0.83,-2.03,0.09,-3.02,-1.33
2021/5/14,0.27,9.56,5.37,5.84,1.49,1.06,2.17,-1.44,0.76,1.93,-0.18
2021/5/17,-6.21,-8.44,-9.17,-7.03,-0.25,-0.16,-0.6,1.14,1.61,1.57,1.62
2021/5/18,-1.48,2.98,-0.68,2.26,-0.85,-0.78,-0.72,-0.72,0.03,-0.93,0.26
2021/5/19,-14.4,-27.89,-34.07,-29.35,-0.29,-0.48,0.15,2.19,0.71,-2.99,-3.41
2021/5/20,10.88,14.04,17.16,14.86,1.06,0.55,1.94,-2.85,0.03,-1.89,0.08
2021/5/21,-8.4,-12.4,-16.86,-12.99,-0.08,0.36,-0.61,-0.31,-0.27,1.75,-1.32
2021/5/24,11.74,25.96,31.9,21.61,0.99,0.54,1.72,-1.05,0.42,2.91,0.49
2021/5/25,-0.96,2.2,-0.36,-0.6,-0.21,-0.24,0.12,-2.65,0.73,0.11,-0.15
2021/5/26,2.27,6.64,10.31,7.87,0.19,0.03,0.33,1.31,0.17,0.5,0.67
2021/5/27,-2.12,-5.16,-3.1,-4.27,0.12,0.41,-0.33,1.61,-0.28,0.46,2.83
2021/5/28,-7.17,-11.75,-10.38,-8.97,0.08,0.19,0.21,-1.59,0.36,-0.5,0.31
2021/6/1,-1.64,-2.76,2.45,-2.83,-0.05,0.13,-0.23,-0.21,-0.02,2.15,-0.16
2021/6/2,2.37,2.75,10.69,4.69,0.14,0.07,0.16,-1.06,0.26,1.31,-0.6
2021/6/3,4.34,5.44,6.6,5.24,-0.36,-0.07,-1.07,2.25,-1.92,-0.13,-2.79
2021/6/4,-5.96,-5.85,-8.56,-6.91,0.88,0.52,1.78,-4.2,1,1.02,1.38
2021/6/7,-6.25,-4.46,-8.93,-7.88,-0.08,-0.36,0.23,0,0.36,-0.58,-0.55
2021/6/8,-0.58,-3.16,-1.52,-0.15,0.02,-0.09,0.06,-1.95,-0.23,1.03,0.76
2021/6/9,11.83,3.81,6.42,6.47,-0.18,-0.44,0.03,-2.97,0.06,-0.1,0.22
2021/6/10,-1.83,-5.23,-6.36,-4.53,0.47,0.06,1.05,-3.72,0.05,0.4,-0.37
2021/6/11,1.81,-4.8,-1.7,-3.55,0.19,0.04,0.27,1.16,-0.89,0.51,0.76
2021/6/14,3.86,2.92,1.16,3.23,0.18,-0.25,0.93,2.53,-0.73,0.23,0.24
2021/6/15,-0.92,-1.46,-0.89,0.42,-0.2,-0.27,-0.69,-0.56,-0.51,0.85,-2.87
2021/6/16,-4.53,-6.94,-5.35,-6.59,-0.54,-0.77,-0.34,6.15,0.27,0.27,0.54
2021/6/17,-0.74,0.18,1.58,0.35,-0.04,-0.62,1.29,-4.41,-4.65,-1.54,-3.49
2021/6/18,-6.05,-5.99,-4.53,-5.85,-1.31,-1.58,-0.81,-4.48,-0.33,0.6,-1.24
2021/6/21,-10.97,-15.72,-19.94,-19.03,1.4,1.76,0.62,3.86,0.79,1.75,0.61
2021/6/22,2.54,-0.77,-3.8,-0.97,0.51,0.2,0.94,-2.04,-0.31,0.24,1.12
2021/6/23,3.62,4.89,13.27,8.27,-0.11,-0.21,0.03,1.27,0.34,0.73,1.54
2021/6/24,2.94,1.05,4.11,4.27,0.58,0.95,0.64,0.91,-0.38,0.44,0.12
2021/6/25,-8.86,-8.98,-8.81,-8.88,0.33,0.69,-0.14,1.69,0.06,0.78,0.38
2021/6/28,-0.58,5.21,-0.35,1.66,0.23,-0.44,1.25,-3,0.16,-1.24,-0.21
2021/6/29,3.94,3.63,3.47,4.44,0.03,0.03,0.33,-0.46,-0.96,0.28,0.76
2021/6/30,-2.25,5.33,1.12,0.49,0.13,0.61,-0.12,-0.46,0.45,0.41,-0.14
2021/7/1,-4.23,-7.24,-5.15,-6.72,0.52,0.38,0.04,-0.58,0.29,1.76,-0.75
2021/7/2,0.8,2.17,-0.09,0.88,0.75,0.44,1.15,-1.98,0.37,0.42,0.99
2021/7/6,1.6,5.76,5.86,3.23,-0.2,-0.6,0.4,-5.86,0.61,-2.35,-0.9
2021/7/7,-1.05,-0.26,2.39,-0.59,0.34,0.3,0.16,-2.12,0.44,-1.47,0.8
2021/7/8,-2.96,-8.48,-5.24,-5.53,-0.86,-0.75,-0.6,-2.15,-0.06,1.1,-1.22
2021/7/9,2.83,1.21,2.01,2.25,1.13,1.3,0.71,5.15,0.62,1.74,2.06
2021/7/12,-3.26,-4.87,-1.77,-3.29,0.35,0.36,0.35,0.36,-0.22,-0.46,-0.76
2021/7/13,-1.16,-4.64,-2.27,-2.92,-0.35,-0.31,-0.02,3.69,0.27,1.24,0.34
2021/7/14,0.28,2.78,0.15,0.1,0.12,0.13,0.17,-4.87,0.88,-2.19,-0.67
2021/7/15,-2.99,-3.88,1.98,-3.79,-0.33,0.15,-0.71,-3.6,0.22,-1.67,1.06
2021/7/16,-1.4,-2.03,-4.04,-3.25,-0.75,-0.86,-0.77,0,-0.76,0.26,-0.15
2021/7/19,-2.98,-3.93,-7.18,-5.14,-1.58,-2.09,-0.9,-5.51,-0.32,-6.04,-2.25
2021/7/20,-3.38,-1.76,-5.66,-4.06,1.52,1.62,1.23,1.93,0.11,1.2,1.16
2021/7/21,7.85,11.67,10.77,10.19,0.82,0.83,0.78,5.72,-0.43,4.11,-0.21
2021/7/22,0.52,1.51,0.15,2.17,0.2,0.07,0.66,-1.17,0.1,2.05,1.2
2021/7/23,4.04,4.89,1.83,3.58,1.01,0.68,1.15,0.37,-0.18,0.48,1
2021/7/26,5.33,1.81,0.58,2.86,0.24,0.24,0.09,0.9,-0.14,0.22,2.24
2021/7/27,5.84,3.17,3.08,3.35,-0.47,-0.24,-1.12,-4.26,0.03,-0.51,-0.93
2021/7/28,1.4,-0.05,0.03,1.24,-0.02,-0.36,0.41,-0.14,0.03,0.64,0.03
2021/7/29,0,3.56,0.94,1.66,0.42,0.44,0.2,2.28,1.73,1.72,1.45
2021/7/30,5.5,3.36,1.87,3.64,-0.54,-0.42,-0.59,-3.18,-1.01,0.08,-0.54
2021/8/2,-1.78,2.03,-0.58,0.04,-0.19,-0.28,0.02,-3.81,0.28,-2.98,0
2021/8/3,-2.65,-3.89,-2.32,-2.29,0.82,0.8,0.65,-0.43,-0.44,-0.48,-1.44
2021/8/4,4.21,8.72,3.62,4.64,-0.46,-0.92,0.15,0.56,0.02,-2.24,-0.71
2021/8/5,2.84,3.74,0.89,2.43,0.6,0.78,0.65,3.8,-0.31,1.17,0.65
2021/8/6,4.72,2.2,1.24,3.2,0.17,0.41,-0.48,6.54,-2.53,-1.09,-0.72
2021/8/9,5.69,5.01,3.7,5.52,-0.09,-0.3,0.16,1.54,-2.08,-2.52,-1.33
2021/8/10,-1.49,-0.7,4.91,1.18,0.1,0.46,-0.53,2.17,0.3,2.15,1.5
2021/8/11,-0.06,0.73,5.26,3.61,0.25,0.62,-0.17,-1.38,1.25,0.83,0.61
2021/8/12,-2.55,-3.79,-1.52,-2.74,0.3,0.04,0.41,1.89,-0.09,-0.49,-0.31
2021/8/13,7.67,9.16,6.59,9.24,0.16,0.04,0.32,-5.68,1.51,-1,0.86
2021/8/16,-2.12,-4.87,0.48,-2.35,0.26,0.31,0.03,-1.17,0.65,-1.37,-0.82
2021/8/17,-2.84,-4.23,-3.4,-5.18,-0.7,-0.79,-0.91,-0.13,-0.11,-0.96,-1.36
2021/8/18,0.07,0.08,-1.36,1.43,-1.07,-1.08,-0.97,-0.53,-0.19,-1.2,-1.77
2021/8/19,4.54,5.57,8.81,6.24,0.13,-0.19,0.51,-1.33,-0.07,-2.68,-1.42
2021/8/20,5.49,3.12,5.44,4.36,0.81,0.65,1.06,0.94,0.05,-1.76,0.78
2021/8/23,0.58,2.49,11.39,2.72,0.85,0.61,1.46,-0.53,1.25,5.15,2.11
2021/8/24,-3.68,-4.41,-5.57,-6.41,0.15,0.09,0.29,3.48,0.12,2.64,1.11
2021/8/25,2.68,1.73,6.67,2.62,0.22,0.11,0.07,4.02,-0.97,1.38,0.13
2021/8/26,-4.41,-4.17,-5.09,-5.47,-0.58,-0.54,-0.59,0.38,0.23,-0.74,-0.65
2021/8/27,4.77,5.82,3.48,7.4,0.88,0.69,1.01,-3.23,1.35,2.08,1.03
2021/8/30,-3.66,0.11,-4.07,-2.54,0.43,-0.16,1.12,-2.18,-0.4,0.6,0.13
2021/8/31,0.29,6.36,0.91,3.32,-0.13,-0.11,-0.14,2.1,0.33,-0.59,1.25
2021/9/1,3.58,11.72,5.49,4.25,0.03,-0.14,0.19,-0.64,-0.12,0.29,-1.44
2021/9/2,0.93,-1.21,-1.21,0.65,0.28,0.37,-0.05,-1.04,-0.25,2.06,0.37
2021/9/3,1.47,3.96,0.9,2.86,-0.03,-0.21,0.31,3.15,1.23,-0.54,0.8
2021/9/7,-11.19,-12.84,-15.88,-14.44,-0.34,-0.76,0.15,3.05,-1.92,-1.53,-0.29
2021/9/8,-1.54,2.1,-0.65,1.11,-0.13,-0.2,-0.35,-2.96,-0.28,1.56,-0.07
2021/9/9,0.7,-2.05,1.59,1.03,-0.46,-0.43,-0.38,-2.9,0.36,-1.18,1.44
2021/9/10,-3.33,-6.32,-4.77,-4.8,-0.77,-0.78,-0.77,3.52,-0.44,1.52,2.71
2021/9/13,-2.42,-3.63,-4.31,-4.23,0.23,0.76,-0.04,-1.13,0.13,1.21,-1.53
2021/9/14,4.73,4.39,3.83,3.6,-0.57,-0.84,-0.33,-3.19,0.71,0.03,-1.32
2021/9/15,2.24,5.34,4.06,3.16,0.85,0.68,0.78,1.58,-0.68,2.75,1.71
2021/9/16,-0.8,-1.18,-1.6,-1.72,-0.15,-0.18,0.08,2.47,-2.12,-0.21,-1.85
2021/9/17,-0.97,-4.78,-4.24,-3.07,-0.91,-0.48,-1.18,2.04,-0.3,-0.88,-0.29
2021/9/20,-9.25,-10.61,-10.97,-11.98,-1.7,-1.78,-2.1,-3.73,0.71,-2.11,-2.25
2021/9/21,-5.18,-7.21,-5.58,-5.28,-0.08,-0.15,0.1,1.17,0.82,0.04,-0.7
2021/9/22,7.13,11.45,10.35,11.49,0.95,1,0.99,-1.79,0.03,2.15,2.81
2021/9/23,3.03,2.44,1.27,2.25,1.21,1.48,0.92,10.07,-1.63,1.75,0.38
2021/9/24,-4.57,-7.12,-7.44,-6.58,0.15,0.1,0.09,1.21,0.11,1.12,0.4
2021/9/27,-2.39,-4.48,-2.67,-2.78,-0.28,0.21,-0.81,1.78,0.02,2.6,-0.63
2021/9/28,-2.73,-4.07,-0.71,-3.29,-2.04,-1.63,-2.86,3.72,-0.83,-0.13,-0.23
2021/9/29,1.25,1.57,10.38,2.64,0.16,0.26,-0.12,-1.46,-0.84,-0.81,-1.13
2021/9/30,5.5,5.23,5.47,5.74,-1.19,-1.59,-0.43,-2.04,1.98,1.1,-2.25
2021/10/1,9.86,10.28,8.7,8.05,1.15,1.43,0.7,-1.84,0.08,0.67,1.19
2021/10/4,2.13,-1.01,-0.89,-0.67,-1.3,-0.94,-2.16,1.42,0.52,2.52,1.24
2021/10/5,4.55,3.97,3.69,3.22,1.05,0.92,1.4,3.17,-0.38,2.55,-0.14
2021/10/6,7.49,1.65,-1.66,1.18,0.41,0.3,0.63,0,0.05,-2.7,-1
2021/10/7,-2.78,0.3,0.76,-0.29,0.83,0.98,0.88,3.19,-0.15,0.81,1.93
2021/10/8,0.24,-0.74,-4.45,-0.64,-0.19,-0.03,-0.51,2.25,-0.1,0.67,1.7
2021/10/11,5.1,3.81,2.27,1.7,-0.69,-0.72,-0.72,0.98,-0.1,0.89,2.01
2021/10/12,-2.54,-1.56,7.32,-1.09,-0.24,-0.34,-0.35,-3.44,0.21,-0.02,-0.4
2021/10/13,2.44,3.36,6.03,3.24,0.3,0,0.77,-1.88,2.01,0.01,1.96
2021/10/14,-0.06,5.08,0.43,0.84,1.71,1.56,1.88,-1.69,0.18,1.12,2.8
2021/10/15,7.54,2.02,0.4,3.32,0.75,1.09,0.63,3.81,-1.65,0.81,3.36
2021/10/18,0.86,-2.55,3.04,-0.43,0.34,-0.1,1.02,0.12,-0.15,-0.85,-0.7
2021/10/19,3.58,3.45,0.64,1.82,0.74,0.56,0.72,3.1,0.27,0.76,-1.25
2021/10/20,2.65,7.3,2.67,4.84,0.37,0.43,-0.14,1.19,0.81,1.11,0.9
2021/10/21,-5.71,-2.54,-5.99,-3.11,0.3,-0.02,0.66,2.14,-0.17,-1.38,-3.85
2021/10/22,-2.44,-2.05,1.64,-0.09,-0.11,0.21,-0.87,-3.43,0.81,1.1,-0.94
2021/10/25,3.62,3.36,1.92,3.26,0.47,0.18,1.04,-0.96,0.58,1.27,1.17
2021/10/26,-4.37,-2.14,-1.42,-1.51,0.18,0.04,0.29,-1.4,-0.74,0.56,-1.03
2021/10/27,-3.11,-5.03,-6.13,-7.25,-0.51,-0.74,0.25,-3.7,0.3,-1.83,-3.03
2021/10/28,3.67,9.25,9.67,6.52,0.98,0.68,1.15,1.81,0.21,-0.83,1.53
2021/10/29,2.74,3.01,7.61,2.76,0.19,0.25,0.46,-1.1,-1.04,-0.03,-1.16
2021/11/1,-0.64,0.78,5.16,1.16,0.18,0.26,0.35,-1,0.67,0.5,0.61
2021/11/2,3.79,6.14,0.5,2.9,0.37,0.39,0.42,-0.9,-0.36,0.54,-0.83
2021/11/3,-0.48,0.35,2.55,1.32,0.65,0.29,1.08,3.65,-1.43,-2.99,-1.05
2021/11/4,-2.39,-1.46,-1.63,-1.2,0.42,-0.09,1.25,-4.6,1.68,-1.64,-1.04
2021/11/5,-0.71,-1.33,8.61,0.18,0.37,0.56,0.08,-4.9,1.32,1.91,0.35
2021/11/8,6.72,4.26,0.66,4.5,0.09,0.29,-0.14,2.15,0.64,0.32,1.32
2021/11/9,-0.92,-1.59,-2.99,-0.67,-0.35,-0.31,-0.71,-3.61,0.17,0.95,-1
2021/11/10,-2.95,-2.07,-3.06,-4.22,-0.82,-0.66,-1.44,9.07,0.99,-2.78,0.14
2021/11/11,-0.19,1.87,2.28,1.73,0.06,-0.44,0.29,0.54,0.87,0.27,1.25
2021/11/12,-1.04,-1.13,-0.3,-1.88,0.72,0.5,1.04,-0.54,0.24,-1.37,0.81
2021/11/15,-2.92,-1.35,-2.66,-2.33,0,-0.04,-0.07,2.84,-0.09,0.2,-1.07
2021/11/16,-5.52,-7.78,-7.04,-7.31,0.39,0.15,0.75,1.38,-0.67,0.69,-1.35
2021/11/17,0.46,1.97,-1.8,0.81,-0.26,-0.58,-0.01,-3.35,0.87,-2.87,-0.74
2021/11/18,-5.65,-6.74,-7.91,-7.09,0.38,-0.17,1.07,0.11,-0.47,1,0.34
2021/11/19,1.98,7.34,9.11,6.14,-0.18,-0.75,0.55,-2.48,-0.52,-2.76,2.22
2021/11/22,-4.1,-4.24,-4.35,-3.88,-0.32,0.05,-1.16,4.75,-2.44,0.82,1.07
2021/11/23,2.25,6.2,5.65,2.95,0.17,0.55,-0.45,2.65,-1.26,2.63,-0.43
2021/11/24,-0.7,-1.54,-0.12,-3.31,0.23,-0.03,0.37,-1.96,0.03,0.01,1.24
2021/11/26,-8.83,-10.75,-8.43,-7.02,-2.27,-2.53,-2.09,-7.18,0.07,-11.06,-3.59
2021/11/29,0.88,3.4,1.96,2.97,1.32,0.68,2.33,-1.89,-0.16,1.36,0.88
2021/11/30,-1.58,4.18,-0.06,0.99,-1.9,-1.86,-1.61,-3.06,-0.49,-5.19,-0.93
2021/12/1,0.58,-0.99,0.66,0.31,-1.18,-1.34,-1.6,-3.61,0.44,-0.71,0.28
2021/12/2,-1.25,-1.54,-1.13,-0.66,1.42,1.82,0.71,2.89,-1.21,0.61,-0.34
2021/12/3,-5.07,-6.51,-4.13,-4.93,-0.84,-0.17,-1.74,-6.09,1.2,0.14,-0.26
2021/12/6,2.34,3.78,5.56,2.96,1.17,1.87,0.85,3.8,-0.25,3.16,0.16
2021/12/7,0.07,-1.06,-1.68,0.16,2.07,1.4,3.03,3.45,0.29,3.23,1.01
2021/12/8,-0.24,2.99,4.87,2.86,0.31,0.1,0.42,3.12,0.04,0.78,0.98
2021/12/9,-5.7,-7.4,-5.95,-7.43,-0.72,0,-1.49,-2.02,-0.49,-1.47,-0.91
2021/12/10,-0.97,-4.97,-3.2,-3.73,0.95,0.6,1.13,-1.02,0.46,0.8,-0.41
2021/12/13,-6.74,-8.47,-8.7,-9.45,-0.91,-0.89,-1.53,-5.25,0.2,-0.89,0.09
2021/12/14,3.56,2.11,1.42,1.03,-0.75,-0.3,-1.04,1.92,-0.89,-0.82,-0.66
2021/12/15,1.04,4.08,2.42,6.78,1.63,1.08,2.35,1.19,-0.44,0.2,-1.63
2021/12/16,-2.54,-1.56,-2.79,-2.53,-0.87,-0.08,-2.61,-2.34,1.91,1.77,3.25
2021/12/17,-3.06,-1.98,-0.02,-1.71,-1.03,-1.48,-0.39,-1.19,0.37,-1.97,0.06
2021/12/20,0.41,0.34,-1.24,-0.44,-1.14,-1.23,-1.1,3.7,-0.57,-2.45,-0.81
2021/12/21,4.28,1.98,0.99,4.34,1.78,1.6,2.29,2.75,-0.33,3.42,1.68
2021/12/22,-0.62,-0.92,0.93,1.38,1.02,0.74,1.21,-0.93,0.75,1.97,1.69
2021/12/23,4.53,3.28,2.86,6.26,0.62,0.55,0.79,2.71,0.53,0.97,0.09
2021/12/27,-0.2,-0.62,3.08,-0.76,1.38,0.98,1.59,-0.57,-0.16,2.59,0.01
2021/12/28,-6.18,-6.06,-5.17,-7.02,-0.1,0.26,-0.48,0.47,0.12,0.39,-0.11
2021/12/29,-2.28,-4.32,-3.74,-2.8,0.14,0.25,0.01,4.87,-0.28,0.44,0.34
2021/12/30,1.42,2.25,0.83,2.04,-0.3,-0.25,-0.38,-3.21,0.46,-0.03,0.25
2021/12/31,-1.92,-0.85,-1.31,-1.06,-0.26,-0.16,-0.66,0.35,0.8,-1.77,0.3
2022/1/3,-1.86,-1.73,-3.68,-1.12,0.64,0.68,1.11,8.26,-1.56,1.41,-0.12
2022/1/4,-1.28,0.67,-0.92,-1.13,-0.06,0.59,-1.35,0.75,0.81,0.99,1.04
2022/1/5,-5.26,-6.69,-6.59,-5.9,-1.94,-1.07,-3.12,3.09,0.58,1.44,-0.23
2022/1/6,-0.76,-3.62,-0.15,-0.31,-0.1,-0.47,-0.04,1.66,-1.97,1.37,-1.06
2022/1/7,-3.6,-6.23,-5.33,-5.81,-0.41,-0.01,-1.1,2.16,0.49,-0.38,0.65
2022/1/10,-0.04,-2.06,-3.14,-2.37,-0.14,-0.45,0.14,-0.59,0.11,-0.67,-0.6
2022/1/11,2.15,4.94,9.1,4.88,0.92,0.51,1.47,-0.5,1.12,3.25,2.02
2022/1/12,2.73,4.11,5.08,5.25,0.28,0.11,0.38,0.31,0.51,1.91,2.1
2022/1/13,-3.05,-3.94,-2.45,-3.75,-1.42,-0.49,-2.57,-2.92,-0.3,-1.24,-0.57
2022/1/14,1.21,2.16,3.14,2.5,0.08,-0.56,0.75,5.43,-0.27,1.83,-1.26
2022/1/18,0.37,-1.53,-0.8,-1.53,-1.83,-1.51,-2.57,3.67,-0.23,1.46,0.07
2022/1/19,-1.62,-2.42,-1.89,-3,-0.97,-0.96,-1.07,-1.14,1.69,0.56,1.81
2022/1/20,-2.31,-2.56,-4.73,-3.83,-1.1,-0.89,-1.34,-2.31,-0.03,-0.51,1.9
2022/1/21,-10.41,-14.43,-12.74,-12.87,-1.89,-1.3,-2.75,-2.24,-0.59,-0.19,-0.64
2022/1/24,1.15,-3.93,-3.26,-2.99,0.28,0.29,0.49,0.2,0.55,-1.69,-2.21
2022/1/25,0.72,0.7,3.58,1.41,-1.22,-0.19,-2.48,0,0.59,2.15,0.65
2022/1/26,-0.41,0.14,-2.59,-0.73,-0.15,-0.38,0.17,5.44,-1.24,2.26,0.99
2022/1/27,0.99,-1.49,4.03,-0.99,-0.54,-0.02,-1.2,-3.72,-2.02,0.02,-0.82
2022/1/28,1.56,5,-1.03,1.88,2.43,1.65,3.22,-1.36,-0.47,1.06,-1.7
2022/1/31,1.53,3.23,-0.87,2.76,1.89,1.17,3.29,-0.39,0.55,1.29,-0.46
2022/2/1,0.55,3.73,2.67,1.92,0.69,0.78,0.6,0.61,0.28,-0.06,1.43
2022/2/2,-4.7,-3.81,-4.45,-5.19,0.94,0.63,0.8,-1.29,0.49,1.68,0.5
2022/2/3,1.08,0.44,1.3,1.08,-2.44,-1.45,-4.22,3.64,-0.34,0.7,0.14
2022/2/4,11.48,11.22,7.42,9.48,0.52,-0.06,1.33,4.34,0.21,1.48,0.35
2022/2/7,3.4,2.75,3.16,5.18,-0.37,0,-0.84,0.48,0.77,-1.52,0.32
2022/2/8,0.47,-0.77,-5.9,-1.21,0.84,1.06,1.21,2.37,0.33,-2.33,-0.16
2022/2/9,0.8,4.1,3.7,1.75,1.45,0.86,2.1,-1.01,0.48,0.11,2.51
2022/2/10,-1.96,-5.3,-1.87,-4.08,-1.81,-1.47,-2.33,5.04,0.04,-0.19,1.2
2022/2/11,-2.6,-4.69,-3.54,-5.61,-1.9,-1.43,-3.07,-6.13,0.26,2.34,-3.14
2022/2/14,1.16,2.06,1.43,0.62,-0.38,-0.49,0.1,3.53,1.48,2.22,0.68
2022/2/15,4.69,8.64,7.12,6.92,1.58,1.22,2.47,2.9,-0.71,-2.97,0.34
2022/2/16,-1.48,-1.99,-1.12,-1.31,0.09,-0.15,-0.12,-0.17,0.82,2.09,0.53
2022/2/17,-7.59,-7.21,-5.71,-8.03,-2.12,-1.79,-2.96,-3.51,1.63,-2.03,0.15
2022/2/18,-1.36,-3.96,-0.94,-1.49,-0.72,-0.68,-1.14,-2.11,-0.12,0.27,0.11
2022/2/22,3.32,2.58,4.96,4.13,-1.01,-1.41,-0.99,3.78,0.4,2.15,0.47
2022/2/23,-2.68,-2.2,-2.27,-1.92,-1.84,-1.38,-2.6,2.78,0.16,0.42,-0.59
2022/2/24,2.99,0.71,-1.26,0.65,1.5,0.27,3.44,-1.4,0.83,1.64,1.03
2022/2/25,2.27,6.59,3.82,5.29,2.24,2.52,1.53,0,-2.01,-1.97,-0.35
2022/2/28,14.59,11.7,9.92,12.29,-0.25,-0.53,0.34,-3.82,0.69,3.74,0.14
2022/3/1,2.85,1.82,3.28,1.4,-1.54,-1.73,-1.63,-5.82,2.27,7.29,2.52
2022/3/2,-1.14,-0.96,0.15,-0.87,1.86,1.79,1.7,9.49,-1.11,7.31,1.91
2022/3/3,-3.3,-3.81,-1.61,-2.91,-0.53,-0.28,-1.46,-2.02,0.71,-1.39,2.58
2022/3/4,-7.82,-7.5,-6.98,-7.23,-0.79,-0.53,-1.41,-5.6,1.59,7,3.77
